"month","media","checkouts"
2021-12-01,ATLAS,23
2021-12-01,AUDIOBOOK,150250
2021-12-01,BOOK,190679
2021-12-01,CR,67
2021-12-01,EBOOK,224924
2021-12-01,ER,59
2021-12-01,"ER, MAP",1
2021-12-01,"ER, NONPROJGRAPH",1
2021-12-01,"ER, PRINT",1
2021-12-01,"ER, SOUNDDISC",35
2021-12-01,"ER, VIDEODISC",40
2021-12-01,KIT,2
2021-12-01,LARGEPRINT,182
2021-12-01,MAP,20
2021-12-01,MIXED,737
2021-12-01,MUSIC,354
2021-12-01,MUSICSNDREC,3
2021-12-01,NOTATEDMUSIC,1
2021-12-01,REGPRINT,1878
2021-12-01,"REGPRINT, SOUNDDISC",3
2021-12-01,"REGPRINT, VIDEOREC",2
2021-12-01,SOUNDCASS,3
2021-12-01,"SOUNDCASS, SOUNDDISC, VIDEOCASS, VIDEODISC",1
2021-12-01,SOUNDDISC,15427
2021-12-01,"SOUNDDISC, VIDEODISC",128
2021-12-01,SOUNDREC,56
2021-12-01,UNSPECIFIED,24
2021-12-01,VIDEO,84
2021-12-01,VIDEOCART,1
2021-12-01,VIDEOCASS,1
2021-12-01,VIDEODISC,46561
2021-12-01,VIDEOREC,3
2021-12-01,VISUAL,24
2021-11-01,ATLAS,45
2021-11-01,AUDIOBOOK,144230
2021-11-01,BOOK,243240
2021-11-01,CR,130
2021-11-01,EBOOK,214359
2021-11-01,ER,88
2021-11-01,"ER, NONPROJGRAPH",4
2021-11-01,"ER, REGPRINT",1
2021-11-01,"ER, SOUNDDISC",32
2021-11-01,"ER, VIDEODISC",38
2021-11-01,LARGEPRINT,170
2021-11-01,MAP,34
2021-11-01,MIXED,816
2021-11-01,MUSIC,341
2021-11-01,MUSICSNDREC,3
2021-11-01,NOTATEDMUSIC,1
2021-11-01,REGPRINT,2521
2021-11-01,"REGPRINT, SOUNDDISC",1
2021-11-01,"REGPRINT, VIDEOREC",4
2021-11-01,SOUNDCASS,1
2021-11-01,SOUNDDISC,16980
2021-11-01,"SOUNDDISC, VIDEODISC",160
2021-11-01,SOUNDREC,51
2021-11-01,UNSPECIFIED,24
2021-11-01,VIDEO,101
2021-11-01,VIDEOCART,1
2021-11-01,VIDEOCASS,2
2021-11-01,VIDEODISC,51266
2021-11-01,VIDEOREC,2
2021-11-01,VISUAL,17
2021-10-01,ATLAS,29
2021-10-01,AUDIOBOOK,145046
2021-10-01,BOOK,242731
2021-10-01,COMPFILE,1
2021-10-01,CR,108
2021-10-01,EBOOK,212721
2021-10-01,ER,83
2021-10-01,"ER, NONPROJGRAPH",3
2021-10-01,"ER, SOUNDDISC",31
2021-10-01,"ER, VIDEODISC",42
2021-10-01,"FLASHCARD, SOUNDDISC",2
2021-10-01,KIT,1
2021-10-01,LARGEPRINT,166
2021-10-01,MAP,32
2021-10-01,MICROFORM,1
2021-10-01,MIXED,837
2021-10-01,MUSIC,398
2021-10-01,MUSICSNDREC,2
2021-10-01,REGPRINT,2450
2021-10-01,"REGPRINT, SOUNDDISC",1
2021-10-01,"REGPRINT, VIDEOREC",7
2021-10-01,SOUNDCASS,1
2021-10-01,SOUNDDISC,17281
2021-10-01,"SOUNDDISC, VIDEODISC",131
2021-10-01,SOUNDREC,57
2021-10-01,UNSPECIFIED,21
2021-10-01,VIDEO,56
2021-10-01,VIDEOCASS,1
2021-10-01,VIDEODISC,51980
2021-10-01,VIDEOREC,4
2021-10-01,VISUAL,19
2021-09-01,ATLAS,16
2021-09-01,AUDIOBOOK,134955
2021-09-01,BOOK,239202
2021-09-01,"BOOK, ER",1
2021-09-01,COMPFILE,1
2021-09-01,CR,136
2021-09-01,EBOOK,211340
2021-09-01,ER,79
2021-09-01,"ER, MAP",1
2021-09-01,"ER, NONPROJGRAPH",4
2021-09-01,"ER, SOUNDDISC",35
2021-09-01,"ER, VIDEODISC",36
2021-09-01,"FLASHCARD, SOUNDDISC",3
2021-09-01,LARGEPRINT,166
2021-09-01,MAP,32
2021-09-01,MICROFORM,2
2021-09-01,MIXED,787
2021-09-01,MUSIC,311
2021-09-01,NOTATEDMUSIC,1
2021-09-01,REGPRINT,2332
2021-09-01,"REGPRINT, SOUNDDISC",5
2021-09-01,"REGPRINT, VIDEOREC",5
2021-09-01,SOUNDDISC,17701
2021-09-01,"SOUNDDISC, VIDEODISC",156
2021-09-01,SOUNDREC,75
2021-09-01,UNSPECIFIED,33
2021-09-01,VIDEO,97
2021-09-01,VIDEOCASS,2
2021-09-01,VIDEODISC,50274
2021-09-01,VISUAL,25
2021-08-01,ATLAS,22
2021-08-01,AUDIOBOOK,147233
2021-08-01,BOOK,227207
2021-08-01,CR,102
2021-08-01,EBOOK,227637
2021-08-01,ER,77
2021-08-01,"ER, MAP",2
2021-08-01,"ER, NONPROJGRAPH",3
2021-08-01,"ER, SOUNDDISC",27
2021-08-01,"ER, VIDEODISC",32
2021-08-01,KIT,1
2021-08-01,LARGEPRINT,163
2021-08-01,MAP,71
2021-08-01,"MAP, VIEW",2
2021-08-01,MICROFORM,1
2021-08-01,MIXED,730
2021-08-01,MUSIC,293
2021-08-01,MUSICSNDREC,2
2021-08-01,NOTATEDMUSIC,1
2021-08-01,REGPRINT,2332
2021-08-01,"REGPRINT, SOUNDDISC",1
2021-08-01,REMOTESEN,1
2021-08-01,SOUNDCASS,2
2021-08-01,"SOUNDCASS, SOUNDDISC",1
2021-08-01,SOUNDDISC,16875
2021-08-01,"SOUNDDISC, VIDEODISC",173
2021-08-01,SOUNDREC,54
2021-08-01,UNSPECIFIED,34
2021-08-01,VIDEO,102
2021-08-01,VIDEOCART,1
2021-08-01,VIDEODISC,46699
2021-08-01,VIDEOREC,1
2021-08-01,VISUAL,37
2021-07-01,ATLAS,28
2021-07-01,AUDIOBOOK,142077
2021-07-01,BOOK,222018
2021-07-01,CR,149
2021-07-01,EBOOK,222243
2021-07-01,ER,64
2021-07-01,"ER, NONPROJGRAPH",2
2021-07-01,"ER, SOUNDDISC",31
2021-07-01,"ER, VIDEODISC",52
2021-07-01,"FLASHCARD, SOUNDDISC",3
2021-07-01,LARGEPRINT,144
2021-07-01,MAP,60
2021-07-01,MICROFORM,1
2021-07-01,MIXED,817
2021-07-01,MUSIC,221
2021-07-01,MUSICSNDREC,1
2021-07-01,NOTATEDMUSIC,1
2021-07-01,REGPRINT,2173
2021-07-01,"REGPRINT, SOUNDDISC",1
2021-07-01,"REGPRINT, VIDEOREC",4
2021-07-01,SOUNDCASS,3
2021-07-01,SOUNDDISC,15752
2021-07-01,"SOUNDDISC, SOUNDREC",1
2021-07-01,"SOUNDDISC, VIDEOCASS",1
2021-07-01,"SOUNDDISC, VIDEODISC",148
2021-07-01,SOUNDREC,67
2021-07-01,UNSPECIFIED,36
2021-07-01,VIDEO,98
2021-07-01,VIDEOCART,2
2021-07-01,VIDEOCASS,2
2021-07-01,VIDEODISC,42355
2021-07-01,VIDEOREC,1
2021-07-01,VISUAL,17
2021-06-01,ATLAS,14
2021-06-01,AUDIOBOOK,136544
2021-06-01,BOOK,183898
2021-06-01,CR,93
2021-06-01,EBOOK,227008
2021-06-01,ER,71
2021-06-01,"ER, NONPROJGRAPH",2
2021-06-01,"ER, PRINT",1
2021-06-01,"ER, REGPRINT",1
2021-06-01,"ER, SOUNDDISC",31
2021-06-01,"ER, VIDEODISC",31
2021-06-01,"FLASHCARD, SOUNDDISC",1
2021-06-01,GLOBE,1
2021-06-01,LARGEPRINT,151
2021-06-01,MAP,32
2021-06-01,"MAP, VIEW",1
2021-06-01,MIXED,801
2021-06-01,MUSIC,204
2021-06-01,MUSICSNDREC,5
2021-06-01,NOTATEDMUSIC,1
2021-06-01,REGPRINT,1812
2021-06-01,"REGPRINT, SOUNDDISC",4
2021-06-01,"REGPRINT, VIDEOREC",1
2021-06-01,SOUNDCASS,1
2021-06-01,"SOUNDCASS, SOUNDDISC, VIDEOCASS, VIDEODISC",1
2021-06-01,SOUNDDISC,13436
2021-06-01,"SOUNDDISC, VIDEODISC",125
2021-06-01,SOUNDREC,46
2021-06-01,UNSPECIFIED,26
2021-06-01,VIDEO,117
2021-06-01,VIDEOCASS,1
2021-06-01,VIDEODISC,33912
2021-06-01,VIDEOREC,1
2021-06-01,VISUAL,3
2021-05-01,ATLAS,9
2021-05-01,AUDIOBOOK,140841
2021-05-01,BOOK,146931
2021-05-01,"BOOK, ER",1
2021-05-01,CR,46
2021-05-01,EBOOK,229656
2021-05-01,ER,82
2021-05-01,"ER, SOUNDDISC",14
2021-05-01,"ER, VIDEODISC",25
2021-05-01,"ER, VIDEOREC",1
2021-05-01,"FLASHCARD, SOUNDDISC",1
2021-05-01,LARGEPRINT,158
2021-05-01,MAP,26
2021-05-01,MICROFORM,3
2021-05-01,MIXED,623
2021-05-01,MUSIC,206
2021-05-01,MUSICSNDREC,1
2021-05-01,REGPRINT,1375
2021-05-01,"REGPRINT, SOUNDDISC",4
2021-05-01,"REGPRINT, VIDEOREC",3
2021-05-01,SOUNDCASS,2
2021-05-01,"SOUNDCASS, SOUNDDISC",1
2021-05-01,SOUNDDISC,11822
2021-05-01,"SOUNDDISC, VIDEODISC",105
2021-05-01,SOUNDREC,48
2021-05-01,UNSPECIFIED,29
2021-05-01,VIDEO,100
2021-05-01,VIDEOCART,2
2021-05-01,VIDEOCASS,1
2021-05-01,VIDEODISC,27922
2021-05-01,VIDEOREC,3
2021-05-01,VISUAL,4
2021-04-01,ATLAS,8
2021-04-01,AUDIOBOOK,134304
2021-04-01,BOOK,142501
2021-04-01,CR,65
2021-04-01,EBOOK,219603
2021-04-01,ER,56
2021-04-01,"ER, SOUNDDISC",24
2021-04-01,"ER, VIDEODISC",21
2021-04-01,"FLASHCARD, SOUNDDISC",3
2021-04-01,KIT,1
2021-04-01,LARGEPRINT,88
2021-04-01,MAP,29
2021-04-01,MICROFORM,1
2021-04-01,MIXED,514
2021-04-01,MUSIC,188
2021-04-01,NOTATEDMUSIC,2
2021-04-01,PICTURE,1
2021-04-01,REGPRINT,1240
2021-04-01,"REGPRINT, SOUNDDISC",3
2021-04-01,SOUNDCASS,2
2021-04-01,SOUNDDISC,11877
2021-04-01,"SOUNDDISC, VIDEODISC",112
2021-04-01,SOUNDREC,33
2021-04-01,UNSPECIFIED,30
2021-04-01,VIDEO,87
2021-04-01,VIDEOCASS,2
2021-04-01,VIDEODISC,30556
2021-04-01,VIDEOREC,3
2021-04-01,VISUAL,6
2021-03-01,ATLAS,9
2021-03-01,AUDIOBOOK,142400
2021-03-01,BOOK,151512
2021-03-01,CR,44
2021-03-01,EBOOK,238763
2021-03-01,ER,71
2021-03-01,"ER, NONPROJGRAPH",1
2021-03-01,"ER, PRINT",4
2021-03-01,"ER, SOUNDDISC",22
2021-03-01,"ER, VIDEODISC",23
2021-03-01,"FLASHCARD, SOUNDDISC",1
2021-03-01,LARGEPRINT,106
2021-03-01,MAP,30
2021-03-01,MICROFORM,1
2021-03-01,MIXED,418
2021-03-01,MUSIC,244
2021-03-01,MUSICSNDREC,2
2021-03-01,NOTATEDMUSIC,1
2021-03-01,REGPRINT,1281
2021-03-01,"REGPRINT, SOUNDDISC",4
2021-03-01,"REGPRINT, VIDEOREC",1
2021-03-01,SOUNDDISC,12808
2021-03-01,"SOUNDDISC, SOUNDREC",2
2021-03-01,"SOUNDDISC, VIDEOCASS",1
2021-03-01,"SOUNDDISC, VIDEODISC",118
2021-03-01,SOUNDREC,54
2021-03-01,UNSPECIFIED,34
2021-03-01,VIDEO,120
2021-03-01,VIDEOCART,1
2021-03-01,VIDEOCASS,1
2021-03-01,VIDEODISC,35322
2021-03-01,VIDEOREC,1
2021-03-01,VISUAL,10
2021-02-01,ATLAS,10
2021-02-01,AUDIOBOOK,128084
2021-02-01,BOOK,128069
2021-02-01,CR,45
2021-02-01,EBOOK,225306
2021-02-01,ER,58
2021-02-01,"ER, NONPROJGRAPH",1
2021-02-01,"ER, REGPRINT",1
2021-02-01,"ER, SOUNDDISC",12
2021-02-01,"ER, VIDEODISC",22
2021-02-01,"FLASHCARD, SOUNDDISC",2
2021-02-01,KIT,1
2021-02-01,LARGEPRINT,89
2021-02-01,MAP,13
2021-02-01,MICROFORM,1
2021-02-01,MIXED,284
2021-02-01,MUSIC,232
2021-02-01,MUSICSNDREC,3
2021-02-01,REGPRINT,940
2021-02-01,"REGPRINT, SOUNDDISC",4
2021-02-01,"REGPRINT, VIDEOREC",1
2021-02-01,SOUNDCASS,1
2021-02-01,SOUNDDISC,11694
2021-02-01,"SOUNDDISC, SOUNDREC",2
2021-02-01,"SOUNDDISC, VIDEOCASS",1
2021-02-01,"SOUNDDISC, VIDEODISC",103
2021-02-01,SOUNDREC,47
2021-02-01,UNSPECIFIED,14
2021-02-01,VIDEO,99
2021-02-01,VIDEOCART,1
2021-02-01,VIDEOCASS,1
2021-02-01,VIDEODISC,32185
2021-02-01,VISUAL,8
2021-01-01,ATLAS,11
2021-01-01,AUDIOBOOK,141654
2021-01-01,BOOK,127957
2021-01-01,CR,43
2021-01-01,EBOOK,251933
2021-01-01,ER,70
2021-01-01,"ER, NONPROJGRAPH",1
2021-01-01,"ER, SOUNDDISC",23
2021-01-01,"ER, VIDEODISC",13
2021-01-01,LARGEPRINT,94
2021-01-01,MAP,28
2021-01-01,MICROFORM,2
2021-01-01,MIXED,326
2021-01-01,MUSIC,222
2021-01-01,MUSICSNDREC,1
2021-01-01,REGPRINT,962
2021-01-01,"REGPRINT, SOUNDDISC",7
2021-01-01,"REGPRINT, VIDEOREC",1
2021-01-01,SOUNDDISC,11881
2021-01-01,"SOUNDDISC, SOUNDREC",1
2021-01-01,"SOUNDDISC, VIDEODISC",110
2021-01-01,SOUNDREC,23
2021-01-01,UNSPECIFIED,1
2021-01-01,VIDEO,131
2021-01-01,VIDEODISC,34314
2021-01-01,VISUAL,8
2020-12-01,ATLAS,5
2020-12-01,AUDIOBOOK,134851
2020-12-01,BOOK,108072
2020-12-01,CR,32
2020-12-01,EBOOK,244492
2020-12-01,ER,50
2020-12-01,"ER, SOUNDDISC",9
2020-12-01,"ER, VIDEODISC",17
2020-12-01,LARGEPRINT,87
2020-12-01,MAP,11
2020-12-01,MIXED,307
2020-12-01,MUSIC,243
2020-12-01,MUSICSNDREC,3
2020-12-01,NOTATEDMUSIC,2
2020-12-01,PICTURE,1
2020-12-01,REGPRINT,802
2020-12-01,"REGPRINT, SOUNDDISC",3
2020-12-01,"REGPRINT, VIDEOREC",1
2020-12-01,"SOUNDCASS, SOUNDDISC, SOUNDREC",1
2020-12-01,"SOUNDCASS, SOUNDDISC, VIDEOCASS, VIDEODISC",1
2020-12-01,SOUNDDISC,10637
2020-12-01,"SOUNDDISC, SOUNDREC",1
2020-12-01,"SOUNDDISC, VIDEOCASS",1
2020-12-01,"SOUNDDISC, VIDEODISC",126
2020-12-01,SOUNDREC,40
2020-12-01,UNSPECIFIED,3
2020-12-01,VIDEO,119
2020-12-01,VIDEODISC,31138
2020-12-01,VIDEOREC,4
2020-12-01,VISUAL,9
2020-11-01,ATLAS,9
2020-11-01,AUDIOBOOK,124107
2020-11-01,BOOK,91158
2020-11-01,CR,18
2020-11-01,EBOOK,235396
2020-11-01,ER,45
2020-11-01,"ER, NONPROJGRAPH",1
2020-11-01,"ER, SOUNDDISC",7
2020-11-01,"ER, VIDEODISC",10
2020-11-01,"FLASHCARD, SOUNDDISC",1
2020-11-01,KIT,1
2020-11-01,LARGEPRINT,91
2020-11-01,MAP,16
2020-11-01,MIXED,301
2020-11-01,MUSIC,213
2020-11-01,MUSICSNDREC,2
2020-11-01,REGPRINT,563
2020-11-01,"REGPRINT, SOUNDDISC",4
2020-11-01,SOUNDCASS,3
2020-11-01,SOUNDDISC,7875
2020-11-01,"SOUNDDISC, SOUNDREC",2
2020-11-01,"SOUNDDISC, VIDEOCASS",1
2020-11-01,"SOUNDDISC, VIDEODISC",66
2020-11-01,SOUNDREC,28
2020-11-01,UNSPECIFIED,6
2020-11-01,VIDEO,120
2020-11-01,VIDEODISC,20431
2020-11-01,VIDEOREC,3
2020-11-01,VISUAL,3
2020-10-01,ATLAS,19
2020-10-01,AUDIOBOOK,126474
2020-10-01,BOOK,90449
2020-10-01,CR,23
2020-10-01,EBOOK,236815
2020-10-01,ER,69
2020-10-01,"ER, SOUNDDISC",11
2020-10-01,"ER, VIDEODISC",18
2020-10-01,KIT,1
2020-10-01,LARGEPRINT,59
2020-10-01,MAP,21
2020-10-01,MICROFORM,1
2020-10-01,MIXED,287
2020-10-01,MUSIC,176
2020-10-01,MUSICSNDREC,3
2020-10-01,NOTATEDMUSIC,2
2020-10-01,REGPRINT,537
2020-10-01,"REGPRINT, SOUNDDISC",1
2020-10-01,"REGPRINT, VIDEOREC",1
2020-10-01,SOUNDDISC,8235
2020-10-01,"SOUNDDISC, VIDEODISC",81
2020-10-01,SOUNDREC,34
2020-10-01,UNSPECIFIED,5
2020-10-01,VIDEO,163
2020-10-01,VIDEOCART,1
2020-10-01,VIDEODISC,18152
2020-10-01,VIDEOREC,2
2020-10-01,VISUAL,6
2020-09-01,ATLAS,14
2020-09-01,AUDIOBOOK,126287
2020-09-01,BOOK,64693
2020-09-01,CR,12
2020-09-01,EBOOK,242337
2020-09-01,ER,62
2020-09-01,"ER, PRINT",1
2020-09-01,"ER, SOUNDDISC",21
2020-09-01,"ER, VIDEODISC",16
2020-09-01,LARGEPRINT,36
2020-09-01,MAP,8
2020-09-01,MIXED,132
2020-09-01,MUSIC,131
2020-09-01,MUSICSNDREC,1
2020-09-01,REGPRINT,330
2020-09-01,"REGPRINT, SOUNDDISC",2
2020-09-01,SOUNDDISC,6330
2020-09-01,"SOUNDDISC, VIDEODISC",49
2020-09-01,SOUNDREC,25
2020-09-01,UNSPECIFIED,3
2020-09-01,VIDEO,245
2020-09-01,VIDEODISC,14705
2020-09-01,VIDEOREC,2
2020-09-01,VISUAL,3
2020-08-01,AUDIOBOOK,133891
2020-08-01,BOOK,8223
2020-08-01,CR,3
2020-08-01,EBOOK,253472
2020-08-01,ER,11
2020-08-01,"ER, SOUNDDISC",2
2020-08-01,"ER, VIDEODISC",4
2020-08-01,LARGEPRINT,2
2020-08-01,MAP,2
2020-08-01,MIXED,31
2020-08-01,MUSIC,17
2020-08-01,REGPRINT,32
2020-08-01,"REGPRINT, SOUNDDISC",1
2020-08-01,SOUNDDISC,1154
2020-08-01,"SOUNDDISC, VIDEODISC",10
2020-08-01,SOUNDREC,2
2020-08-01,UNSPECIFIED,1
2020-08-01,VIDEO,197
2020-08-01,VIDEODISC,3374
2020-08-01,VISUAL,1
2020-07-01,AUDIOBOOK,133158
2020-07-01,BOOK,51
2020-07-01,EBOOK,251358
2020-07-01,MIXED,35
2020-07-01,SOUNDDISC,2
2020-07-01,VIDEO,178
2020-07-01,VIDEODISC,12
2020-06-01,AUDIOBOOK,133182
2020-06-01,BOOK,43
2020-06-01,EBOOK,247083
2020-06-01,MIXED,9
2020-06-01,MUSIC,1
2020-06-01,VIDEO,236
2020-06-01,VIDEODISC,4
2020-05-01,AUDIOBOOK,128186
2020-05-01,BOOK,87
2020-05-01,EBOOK,255744
2020-05-01,MIXED,14
2020-05-01,MUSIC,1
2020-05-01,REGPRINT,1
2020-05-01,SOUNDDISC,1
2020-05-01,VIDEO,252
2020-05-01,VIDEODISC,3
2020-04-01,AUDIOBOOK,119035
2020-04-01,BOOK,68
2020-04-01,EBOOK,235051
2020-04-01,MIXED,19
2020-04-01,REGPRINT,1
2020-04-01,SOUNDDISC,5
2020-04-01,VIDEO,382
2020-04-01,VIDEODISC,5
2020-03-01,ATLAS,33
2020-03-01,AUDIOBOOK,111029
2020-03-01,BOOK,213391
2020-03-01,CR,191
2020-03-01,EBOOK,210058
2020-03-01,ER,90
2020-03-01,"ER, NONPROJGRAPH",8
2020-03-01,"ER, PRINT",1
2020-03-01,"ER, SOUNDDISC",43
2020-03-01,"ER, VIDEODISC",34
2020-03-01,FLASHCARD,1
2020-03-01,"FLASHCARD, SOUNDDISC",1
2020-03-01,GLOBE,1
2020-03-01,LARGEPRINT,77
2020-03-01,MAP,37
2020-03-01,MIXED,760
2020-03-01,MUSIC,325
2020-03-01,NOTATEDMUSIC,1
2020-03-01,REGPRINT,1319
2020-03-01,"REGPRINT, SOUNDDISC",6
2020-03-01,"REGPRINT, VIDEOREC",2
2020-03-01,SOUNDCASS,1
2020-03-01,"SOUNDCASS, SOUNDDISC",2
2020-03-01,SOUNDDISC,16489
2020-03-01,"SOUNDDISC, VIDEODISC",153
2020-03-01,SOUNDREC,105
2020-03-01,UNSPECIFIED,12
2020-03-01,VIDEO,228
2020-03-01,VIDEOCART,2
2020-03-01,VIDEOCASS,5
2020-03-01,VIDEODISC,60308
2020-03-01,VIDEOREC,2
2020-03-01,VISUAL,17
2020-02-01,ATLAS,39
2020-02-01,AUDIOBOOK,117080
2020-02-01,BOOK,314900
2020-02-01,CR,240
2020-02-01,EBOOK,183789
2020-02-01,ER,145
2020-02-01,"ER, NONPROJGRAPH",2
2020-02-01,"ER, PRINT",1
2020-02-01,"ER, SOUNDDISC",60
2020-02-01,"ER, VIDEODISC",68
2020-02-01,"FLASHCARD, SOUNDDISC",1
2020-02-01,KIT,4
2020-02-01,LARGEPRINT,146
2020-02-01,MAP,58
2020-02-01,MICROFORM,1
2020-02-01,MIXED,2044
2020-02-01,MUSIC,598
2020-02-01,MUSICSNDREC,2
2020-02-01,NOTATEDMUSIC,2
2020-02-01,REGPRINT,1864
2020-02-01,"REGPRINT, SOUNDDISC",6
2020-02-01,"REGPRINT, VIDEOREC",2
2020-02-01,SOUNDCASS,2
2020-02-01,SOUNDDISC,32480
2020-02-01,"SOUNDDISC, SOUNDREC",2
2020-02-01,"SOUNDDISC, VIDEODISC",301
2020-02-01,SOUNDREC,93
2020-02-01,UNSPECIFIED,18
2020-02-01,VIDEO,144
2020-02-01,VIDEOCART,5
2020-02-01,VIDEOCASS,5
2020-02-01,VIDEODISC,104502
2020-02-01,VIDEOREC,5
2020-02-01,VISUAL,38
2020-01-01,ATLAS,29
2020-01-01,AUDIOBOOK,126290
2020-01-01,BOOK,340110
2020-01-01,CR,269
2020-01-01,EBOOK,198354
2020-01-01,ER,151
2020-01-01,"ER, NONPROJGRAPH",3
2020-01-01,"ER, SOUNDDISC",44
2020-01-01,"ER, VIDEODISC",74
2020-01-01,"ER, VIDEOREC",1
2020-01-01,"FLASHCARD, SOUNDDISC",3
2020-01-01,KIT,3
2020-01-01,LARGEPRINT,199
2020-01-01,MAP,47
2020-01-01,MICROFORM,3
2020-01-01,MIXED,2195
2020-01-01,MUSIC,670
2020-01-01,MUSICSNDREC,6
2020-01-01,NOTATEDMUSIC,1
2020-01-01,PHOTO,1
2020-01-01,REGPRINT,2124
2020-01-01,"REGPRINT, SOUNDDISC",7
2020-01-01,"REGPRINT, VIDEOREC",4
2020-01-01,SOUNDCASS,3
2020-01-01,SOUNDDISC,32976
2020-01-01,"SOUNDDISC, SOUNDREC",2
2020-01-01,"SOUNDDISC, VIDEODISC",263
2020-01-01,SOUNDREC,172
2020-01-01,UNSPECIFIED,14
2020-01-01,VIDEO,166
2020-01-01,VIDEOCART,4
2020-01-01,VIDEOCASS,7
2020-01-01,VIDEODISC,108948
2020-01-01,VIDEOREC,1
2020-01-01,VISUAL,34
2019-12-01,ATLAS,36
2019-12-01,AUDIOBOOK,116705
2019-12-01,BOOK,292864
2019-12-01,CR,233
2019-12-01,EBOOK,191468
2019-12-01,ER,96
2019-12-01,"ER, NONPROJGRAPH",1
2019-12-01,"ER, SOUNDDISC",60
2019-12-01,"ER, VIDEODISC",74
2019-12-01,"FLASHCARD, SOUNDDISC",3
2019-12-01,KIT,2
2019-12-01,LARGEPRINT,189
2019-12-01,MAP,45
2019-12-01,MIXED,1816
2019-12-01,MUSIC,595
2019-12-01,MUSICSNDREC,7
2019-12-01,NOTATEDMUSIC,5
2019-12-01,REGPRINT,2013
2019-12-01,"REGPRINT, SOUNDDISC",9
2019-12-01,"REGPRINT, VIDEOREC",2
2019-12-01,SOUNDCASS,2
2019-12-01,"SOUNDCASS, SOUNDDISC",1
2019-12-01,"SOUNDCASS, SOUNDDISC, SOUNDREC",1
2019-12-01,SOUNDDISC,31059
2019-12-01,"SOUNDDISC, VIDEODISC",281
2019-12-01,SOUNDREC,122
2019-12-01,UNSPECIFIED,16
2019-12-01,VIDEO,172
2019-12-01,VIDEOCART,8
2019-12-01,VIDEOCASS,10
2019-12-01,VIDEODISC,105833
2019-12-01,VIDEOREC,6
2019-12-01,VISUAL,34
2019-11-01,ATLAS,44
2019-11-01,AUDIOBOOK,110060
2019-11-01,BOOK,320760
2019-11-01,COMPFILE,1
2019-11-01,CR,226
2019-11-01,EBOOK,178938
2019-11-01,ER,96
2019-11-01,"ER, NONPROJGRAPH",3
2019-11-01,"ER, PRINT",1
2019-11-01,"ER, SOUNDDISC",64
2019-11-01,"ER, VIDEODISC",97
2019-11-01,"FLASHCARD, SOUNDDISC",2
2019-11-01,KIT,2
2019-11-01,LARGEPRINT,168
2019-11-01,MAP,51
2019-11-01,MICROFORM,14
2019-11-01,MIXED,2061
2019-11-01,MUSIC,661
2019-11-01,MUSICSNDREC,3
2019-11-01,NOTATEDMUSIC,2
2019-11-01,REGPRINT,2132
2019-11-01,"REGPRINT, SOUNDDISC",11
2019-11-01,"REGPRINT, VIDEOREC",4
2019-11-01,SOUNDCASS,3
2019-11-01,SOUNDDISC,32438
2019-11-01,"SOUNDDISC, SOUNDREC",2
2019-11-01,"SOUNDDISC, VIDEODISC",273
2019-11-01,SOUNDREC,159
2019-11-01,UNSPECIFIED,18
2019-11-01,VIDEO,150
2019-11-01,VIDEOCART,6
2019-11-01,VIDEOCASS,9
2019-11-01,VIDEODISC,102340
2019-11-01,VIDEOREC,3
2019-11-01,VISUAL,48
2019-10-01,ATLAS,49
2019-10-01,AUDIOBOOK,113781
2019-10-01,BOOK,331020
2019-10-01,CR,229
2019-10-01,EBOOK,180885
2019-10-01,ER,128
2019-10-01,"ER, NONPROJGRAPH",5
2019-10-01,"ER, PRINT",1
2019-10-01,"ER, REGPRINT",1
2019-10-01,"ER, SOUNDDISC",68
2019-10-01,"ER, VIDEODISC",94
2019-10-01,"FLASHCARD, SOUNDDISC",2
2019-10-01,GLOBE,1
2019-10-01,KIT,1
2019-10-01,LARGEPRINT,168
2019-10-01,MAP,49
2019-10-01,MICROFORM,1
2019-10-01,MIXED,2338
2019-10-01,MUSIC,619
2019-10-01,MUSICSNDREC,3
2019-10-01,NOTATEDMUSIC,3
2019-10-01,REGPRINT,2201
2019-10-01,"REGPRINT, SOUNDDISC",8
2019-10-01,"REGPRINT, VIDEOREC",3
2019-10-01,SOUNDCASS,4
2019-10-01,SOUNDDISC,33279
2019-10-01,"SOUNDDISC, VIDEODISC",262
2019-10-01,SOUNDREC,205
2019-10-01,UNSPECIFIED,16
2019-10-01,VIDEO,172
2019-10-01,VIDEOCART,3
2019-10-01,VIDEOCASS,10
2019-10-01,VIDEODISC,105459
2019-10-01,VIDEOREC,8
2019-10-01,VISUAL,38
2019-09-01,ATLAS,46
2019-09-01,AUDIOBOOK,109823
2019-09-01,BOOK,325518
2019-09-01,CR,256
2019-09-01,EBOOK,177592
2019-09-01,ER,152
2019-09-01,"ER, NONPROJGRAPH",5
2019-09-01,"ER, PRINT",1
2019-09-01,"ER, REGPRINT",1
2019-09-01,"ER, SOUNDDISC",58
2019-09-01,"ER, VIDEODISC",87
2019-09-01,"FLASHCARD, SOUNDDISC",1
2019-09-01,GLOBE,1
2019-09-01,KIT,2
2019-09-01,LARGEPRINT,108
2019-09-01,MAP,65
2019-09-01,MICROFORM,1
2019-09-01,MIXED,2138
2019-09-01,MUSIC,593
2019-09-01,MUSICSNDREC,2
2019-09-01,NOTATEDMUSIC,2
2019-09-01,REGPRINT,2287
2019-09-01,"REGPRINT, SOUNDDISC",11
2019-09-01,"REGPRINT, VIDEOREC",2
2019-09-01,SOUNDCASS,2
2019-09-01,SOUNDDISC,32571
2019-09-01,"SOUNDDISC, SOUNDREC",2
2019-09-01,"SOUNDDISC, VIDEODISC",291
2019-09-01,SOUNDREC,196
2019-09-01,UNSPECIFIED,16
2019-09-01,VIDEO,208
2019-09-01,VIDEOCART,4
2019-09-01,VIDEOCASS,11
2019-09-01,VIDEODISC,101009
2019-09-01,VIDEOREC,5
2019-09-01,VISUAL,36
2019-08-01,ATLAS,34
2019-08-01,AUDIOBOOK,114567
2019-08-01,BOOK,337295
2019-08-01,COMPFILE,1
2019-08-01,CR,214
2019-08-01,EBOOK,190006
2019-08-01,ER,121
2019-08-01,"ER, MAP",3
2019-08-01,"ER, NONPROJGRAPH",6
2019-08-01,"ER, PRINT",1
2019-08-01,"ER, SOUNDDISC",66
2019-08-01,"ER, VIDEODISC",105
2019-08-01,"FLASHCARD, SOUNDDISC",1
2019-08-01,KIT,2
2019-08-01,LARGEPRINT,118
2019-08-01,MAP,78
2019-08-01,MICROFORM,2
2019-08-01,MIXED,1793
2019-08-01,MUSIC,757
2019-08-01,MUSICSNDREC,3
2019-08-01,NOTATEDMUSIC,2
2019-08-01,REGPRINT,2455
2019-08-01,"REGPRINT, SOUNDDISC",10
2019-08-01,"REGPRINT, VIDEOREC",3
2019-08-01,SOUNDCASS,8
2019-08-01,SOUNDDISC,35345
2019-08-01,"SOUNDDISC, SOUNDREC",1
2019-08-01,"SOUNDDISC, VIDEODISC",310
2019-08-01,SOUNDREC,209
2019-08-01,UNSPECIFIED,14
2019-08-01,VIDEO,267
2019-08-01,VIDEOCART,4
2019-08-01,VIDEOCASS,6
2019-08-01,VIDEODISC,111786
2019-08-01,VIDEOREC,3
2019-08-01,VISUAL,39
2019-07-01,ATLAS,42
2019-07-01,AUDIOBOOK,113067
2019-07-01,BOOK,353046
2019-07-01,CR,225
2019-07-01,EBOOK,187679
2019-07-01,ER,121
2019-07-01,"ER, NONPROJGRAPH",5
2019-07-01,"ER, PRINT",1
2019-07-01,"ER, REGPRINT",2
2019-07-01,"ER, SOUNDDISC",63
2019-07-01,"ER, VIDEODISC",109
2019-07-01,"FLASHCARD, SOUNDDISC",4
2019-07-01,KIT,2
2019-07-01,LARGEPRINT,104
2019-07-01,MAP,74
2019-07-01,MICROFORM,1
2019-07-01,MIXED,1868
2019-07-01,MUSIC,689
2019-07-01,MUSICSNDREC,9
2019-07-01,REGPRINT,2290
2019-07-01,"REGPRINT, SOUNDDISC",13
2019-07-01,"REGPRINT, VIDEOREC",2
2019-07-01,SOUNDCASS,4
2019-07-01,SOUNDDISC,36651
2019-07-01,"SOUNDDISC, SOUNDREC",2
2019-07-01,"SOUNDDISC, VIDEODISC",308
2019-07-01,SOUNDREC,217
2019-07-01,UNSPECIFIED,14
2019-07-01,VIDEO,321
2019-07-01,VIDEOCART,12
2019-07-01,VIDEOCASS,13
2019-07-01,VIDEODISC,114526
2019-07-01,VIDEOREC,6
2019-07-01,VISUAL,31
2019-06-01,ATLAS,42
2019-06-01,AUDIOBOOK,105903
2019-06-01,BOOK,328584
2019-06-01,CR,201
2019-06-01,EBOOK,173408
2019-06-01,ER,140
2019-06-01,"ER, NONPROJGRAPH",5
2019-06-01,"ER, REGPRINT",2
2019-06-01,"ER, SOUNDDISC",76
2019-06-01,"ER, VIDEODISC",94
2019-06-01,"FLASHCARD, SOUNDDISC",2
2019-06-01,GLOBE,1
2019-06-01,LARGEPRINT,85
2019-06-01,MAP,43
2019-06-01,MICROFORM,1
2019-06-01,MIXED,2230
2019-06-01,MUSIC,614
2019-06-01,MUSICSNDREC,3
2019-06-01,NOTATEDMUSIC,3
2019-06-01,REGPRINT,1788
2019-06-01,"REGPRINT, SOUNDDISC",11
2019-06-01,"REGPRINT, VIDEOREC",2
2019-06-01,"SLIDE, SOUNDCASS",1
2019-06-01,SOUNDCASS,5
2019-06-01,"SOUNDCASS, SOUNDDISC",1
2019-06-01,SOUNDDISC,35977
2019-06-01,"SOUNDDISC, SOUNDREC",2
2019-06-01,"SOUNDDISC, VIDEODISC",331
2019-06-01,SOUNDREC,214
2019-06-01,UNSPECIFIED,14
2019-06-01,VIDEO,189
2019-06-01,VIDEOCART,16
2019-06-01,VIDEOCASS,9
2019-06-01,VIDEODISC,110632
2019-06-01,VIDEOREC,5
2019-06-01,VISUAL,43
2019-05-01,ATLAS,35
2019-05-01,AUDIOBOOK,106079
2019-05-01,BOOK,311321
2019-05-01,CR,213
2019-05-01,EBOOK,172002
2019-05-01,ER,131
2019-05-01,"ER, NONPROJGRAPH",2
2019-05-01,"ER, SOUNDDISC",55
2019-05-01,"ER, VIDEODISC",80
2019-05-01,"FLASHCARD, SOUNDDISC",4
2019-05-01,KIT,2
2019-05-01,LARGEPRINT,62
2019-05-01,MAP,38
2019-05-01,MICROFORM,3
2019-05-01,MIXED,1819
2019-05-01,MUSIC,624
2019-05-01,MUSICSNDREC,7
2019-05-01,REGPRINT,1512
2019-05-01,"REGPRINT, SOUNDDISC",13
2019-05-01,"REGPRINT, VIDEOREC",7
2019-05-01,SOUNDCASS,4
2019-05-01,SOUNDDISC,36621
2019-05-01,"SOUNDDISC, SOUNDREC",3
2019-05-01,"SOUNDDISC, VIDEODISC",318
2019-05-01,SOUNDREC,202
2019-05-01,UNSPECIFIED,15
2019-05-01,VIDEO,120
2019-05-01,VIDEOCART,17
2019-05-01,VIDEOCASS,12
2019-05-01,VIDEODISC,110688
2019-05-01,VIDEOREC,7
2019-05-01,VISUAL,30
2019-04-01,ATLAS,33
2019-04-01,AUDIOBOOK,99034
2019-04-01,BOOK,323569
2019-04-01,CR,218
2019-04-01,EBOOK,170263
2019-04-01,ER,131
2019-04-01,"ER, NONPROJGRAPH",2
2019-04-01,"ER, SOUNDDISC",76
2019-04-01,"ER, VIDEODISC",74
2019-04-01,"FLASHCARD, SOUNDDISC",3
2019-04-01,KIT,2
2019-04-01,LARGEPRINT,75
2019-04-01,MAP,42
2019-04-01,MICROFORM,1
2019-04-01,MIXED,1486
2019-04-01,MUSIC,589
2019-04-01,MUSICSNDREC,2
2019-04-01,NOTATEDMUSIC,6
2019-04-01,REGPRINT,1509
2019-04-01,"REGPRINT, SOUNDDISC",13
2019-04-01,"REGPRINT, VIDEOREC",3
2019-04-01,SOUNDCASS,1
2019-04-01,SOUNDDISC,37944
2019-04-01,"SOUNDDISC, SOUNDREC",3
2019-04-01,"SOUNDDISC, VIDEODISC",348
2019-04-01,SOUNDREC,225
2019-04-01,UNSPECIFIED,18
2019-04-01,VIDEO,164
2019-04-01,VIDEOCART,14
2019-04-01,VIDEOCASS,14
2019-04-01,VIDEODISC,117562
2019-04-01,VIDEOREC,9
2019-04-01,VISUAL,42
2019-03-01,ATLAS,51
2019-03-01,AUDIOBOOK,97901
2019-03-01,BOOK,322977
2019-03-01,CR,240
2019-03-01,EBOOK,172191
2019-03-01,ER,135
2019-03-01,"ER, PRINT",2
2019-03-01,"ER, SOUNDDISC",75
2019-03-01,"ER, VIDEODISC",51
2019-03-01,"ER, VIDEOREC",1
2019-03-01,FLASHCARD,1
2019-03-01,"FLASHCARD, SOUNDDISC",4
2019-03-01,KIT,2
2019-03-01,LARGEPRINT,58
2019-03-01,MAP,31
2019-03-01,MICROFORM,2
2019-03-01,MIXED,1064
2019-03-01,MUSIC,499
2019-03-01,MUSICSNDREC,3
2019-03-01,NOTATEDMUSIC,1
2019-03-01,REGPRINT,1414
2019-03-01,"REGPRINT, SOUNDDISC",13
2019-03-01,"REGPRINT, VIDEOREC",5
2019-03-01,REMOTESEN,1
2019-03-01,SOUNDCASS,6
2019-03-01,SOUNDDISC,37827
2019-03-01,"SOUNDDISC, SOUNDREC",3
2019-03-01,"SOUNDDISC, VIDEODISC",369
2019-03-01,SOUNDREC,235
2019-03-01,UNSPECIFIED,18
2019-03-01,VIDEO,210
2019-03-01,VIDEOCART,17
2019-03-01,VIDEOCASS,14
2019-03-01,VIDEODISC,120107
2019-03-01,VIDEOREC,5
2019-03-01,VISUAL,49
2019-02-01,ATLAS,36
2019-02-01,AUDIOBOOK,88327
2019-02-01,BOOK,296367
2019-02-01,CR,195
2019-02-01,EBOOK,161613
2019-02-01,ER,134
2019-02-01,"ER, NONPROJGRAPH",3
2019-02-01,"ER, SOUNDDISC",86
2019-02-01,"ER, VIDEODISC",63
2019-02-01,"FLASHCARD, SOUNDDISC",6
2019-02-01,KIT,1
2019-02-01,LARGEPRINT,67
2019-02-01,MAP,28
2019-02-01,MICROFORM,2
2019-02-01,MIXED,625
2019-02-01,MUSIC,542
2019-02-01,MUSICSNDREC,6
2019-02-01,NOTATEDMUSIC,4
2019-02-01,PICTURE,1
2019-02-01,REGPRINT,1201
2019-02-01,"REGPRINT, SOUNDDISC",7
2019-02-01,"REGPRINT, VIDEOREC",1
2019-02-01,SOUNDCASS,4
2019-02-01,"SOUNDCASS, SOUNDDISC, VIDEOCASS, VIDEODISC",1
2019-02-01,SOUNDDISC,34606
2019-02-01,"SOUNDDISC, VIDEODISC",337
2019-02-01,SOUNDREC,197
2019-02-01,UNSPECIFIED,17
2019-02-01,VIDEO,189
2019-02-01,VIDEOCART,17
2019-02-01,VIDEOCASS,18
2019-02-01,VIDEODISC,113807
2019-02-01,VIDEOREC,7
2019-02-01,VISUAL,36
2019-01-01,ATLAS,39
2019-01-01,AUDIOBOOK,101617
2019-01-01,BOOK,348573
2019-01-01,CR,265
2019-01-01,EBOOK,174364
2019-01-01,ER,146
2019-01-01,"ER, NONPROJGRAPH",2
2019-01-01,"ER, SOUNDDISC",89
2019-01-01,"ER, VIDEODISC",71
2019-01-01,"FLASHCARD, SOUNDDISC",3
2019-01-01,KIT,2
2019-01-01,LARGEPRINT,72
2019-01-01,MAP,40
2019-01-01,MICROFORM,1
2019-01-01,MIXED,1621
2019-01-01,MUSIC,695
2019-01-01,MUSICSNDREC,2
2019-01-01,NOTATEDMUSIC,5
2019-01-01,REGPRINT,1363
2019-01-01,"REGPRINT, SOUNDDISC",13
2019-01-01,"REGPRINT, VIDEOREC",2
2019-01-01,"SLIDE, SOUNDCASS",1
2019-01-01,SOUNDCASS,6
2019-01-01,"SOUNDCASS, SOUNDDISC",1
2019-01-01,SOUNDDISC,42489
2019-01-01,"SOUNDDISC, SOUNDREC",2
2019-01-01,"SOUNDDISC, VIDEODISC",406
2019-01-01,SOUNDREC,250
2019-01-01,UNSPECIFIED,13
2019-01-01,VIDEO,136
2019-01-01,VIDEOCART,12
2019-01-01,VIDEOCASS,17
2019-01-01,VIDEODISC,128183
2019-01-01,VIDEOREC,6
2019-01-01,VISUAL,39
2018-12-01,ATLAS,32
2018-12-01,AUDIOBOOK,88866
2018-12-01,BOOK,296798
2018-12-01,CR,247
2018-12-01,EBOOK,164757
2018-12-01,ER,115
2018-12-01,"ER, NONPROJGRAPH",2
2018-12-01,"ER, PRINT",1
2018-12-01,"ER, SOUNDDISC",96
2018-12-01,"ER, VIDEODISC",46
2018-12-01,"FLASHCARD, SOUNDDISC",1
2018-12-01,KIT,4
2018-12-01,LARGEPRINT,67
2018-12-01,MAP,28
2018-12-01,MICROFORM,1
2018-12-01,MIXED,724
2018-12-01,MUSIC,680
2018-12-01,MUSICSNDREC,6
2018-12-01,NOTATEDMUSIC,2
2018-12-01,REGPRINT,1140
2018-12-01,"REGPRINT, SOUNDDISC",8
2018-12-01,"REGPRINT, VIDEOREC",3
2018-12-01,SOUNDCASS,4
2018-12-01,SOUNDDISC,39370
2018-12-01,"SOUNDDISC, SOUNDREC",1
2018-12-01,"SOUNDDISC, VIDEOCASS",1
2018-12-01,"SOUNDDISC, VIDEODISC",389
2018-12-01,SOUNDREC,210
2018-12-01,UNSPECIFIED,7
2018-12-01,VIDEO,202
2018-12-01,VIDEOCART,19
2018-12-01,VIDEOCASS,16
2018-12-01,VIDEODISC,123597
2018-12-01,VIDEOREC,12
2018-12-01,VISUAL,32
2018-11-01,ATLAS,36
2018-11-01,AUDIOBOOK,85582
2018-11-01,BOOK,321935
2018-11-01,COMPFILE,2
2018-11-01,CR,275
2018-11-01,EBOOK,154753
2018-11-01,ER,226
2018-11-01,"ER, NONPROJGRAPH",2
2018-11-01,"ER, PRINT",1
2018-11-01,"ER, REGPRINT",1
2018-11-01,"ER, SOUNDDISC",99
2018-11-01,"ER, VIDEODISC",52
2018-11-01,"FLASHCARD, SOUNDDISC",5
2018-11-01,GLOBE,2
2018-11-01,KIT,1
2018-11-01,LARGEPRINT,75
2018-11-01,MAP,34
2018-11-01,MICROFORM,2
2018-11-01,MIXED,1469
2018-11-01,MUSIC,611
2018-11-01,MUSICSNDREC,11
2018-11-01,NONPROJGRAPH,1
2018-11-01,NOTATEDMUSIC,2
2018-11-01,REGPRINT,1148
2018-11-01,"REGPRINT, SOUNDDISC",11
2018-11-01,"REGPRINT, VIDEOREC",6
2018-11-01,SOUNDCASS,10
2018-11-01,SOUNDDISC,39673
2018-11-01,"SOUNDDISC, SOUNDREC",1
2018-11-01,"SOUNDDISC, VIDEODISC",354
2018-11-01,SOUNDREC,223
2018-11-01,UNSPECIFIED,22
2018-11-01,VIDEO,150
2018-11-01,VIDEOCART,15
2018-11-01,VIDEOCASS,9
2018-11-01,VIDEODISC,120913
2018-11-01,VIDEOREC,14
2018-11-01,VISUAL,34
2018-10-01,ATLAS,28
2018-10-01,AUDIOBOOK,90042
2018-10-01,BOOK,335074
2018-10-01,CR,305
2018-10-01,EBOOK,160025
2018-10-01,ER,340
2018-10-01,"ER, NONPROJGRAPH",2
2018-10-01,"ER, PRINT",2
2018-10-01,"ER, SOUNDDISC",100
2018-10-01,"ER, VIDEODISC",80
2018-10-01,"FLASHCARD, SOUNDDISC",1
2018-10-01,GLOBE,1
2018-10-01,KIT,2
2018-10-01,LARGEPRINT,59
2018-10-01,MAP,36
2018-10-01,MIXED,2807
2018-10-01,MUSIC,614
2018-10-01,MUSICSNDREC,7
2018-10-01,PRINT,2
2018-10-01,REGPRINT,1259
2018-10-01,"REGPRINT, SOUNDDISC",13
2018-10-01,"REGPRINT, VIDEOREC",4
2018-10-01,SOUNDCASS,6
2018-10-01,SOUNDDISC,40559
2018-10-01,"SOUNDDISC, SOUNDREC",1
2018-10-01,"SOUNDDISC, VIDEODISC",422
2018-10-01,SOUNDREC,241
2018-10-01,UNSPECIFIED,16
2018-10-01,VIDEO,205
2018-10-01,VIDEOCART,17
2018-10-01,VIDEOCASS,15
2018-10-01,VIDEODISC,122957
2018-10-01,VIDEOREC,11
2018-10-01,VISUAL,31
2018-09-01,ATLAS,48
2018-09-01,AUDIOBOOK,85846
2018-09-01,BOOK,316108
2018-09-01,CR,248
2018-09-01,EBOOK,157447
2018-09-01,ER,341
2018-09-01,"ER, NONPROJGRAPH",5
2018-09-01,"ER, PRINT",2
2018-09-01,"ER, REGPRINT",2
2018-09-01,"ER, SOUNDDISC",88
2018-09-01,"ER, VIDEODISC",70
2018-09-01,"FLASHCARD, SOUNDDISC",3
2018-09-01,KIT,2
2018-09-01,LARGEPRINT,50
2018-09-01,MAP,37
2018-09-01,MICROFORM,3
2018-09-01,MIXED,2449
2018-09-01,MUSIC,617
2018-09-01,MUSICSNDREC,2
2018-09-01,REGPRINT,1169
2018-09-01,"REGPRINT, SOUNDDISC",15
2018-09-01,"REGPRINT, VIDEOREC",7
2018-09-01,SOUNDCASS,1
2018-09-01,SOUNDDISC,39618
2018-09-01,"SOUNDDISC, SOUNDREC",1
2018-09-01,"SOUNDDISC, VIDEODISC",392
2018-09-01,SOUNDREC,227
2018-09-01,UNSPECIFIED,21
2018-09-01,VIDEO,172
2018-09-01,VIDEOCART,7
2018-09-01,VIDEOCASS,20
2018-09-01,VIDEODISC,116731
2018-09-01,VIDEOREC,9
2018-09-01,VISUAL,40
2018-08-01,ATLAS,42
2018-08-01,AUDIOBOOK,90293
2018-08-01,BOOK,349112
2018-08-01,CR,277
2018-08-01,EBOOK,170354
2018-08-01,ER,292
2018-08-01,"ER, NONPROJGRAPH",4
2018-08-01,"ER, SOUNDDISC",144
2018-08-01,"ER, VIDEODISC",71
2018-08-01,"FLASHCARD, SOUNDDISC",4
2018-08-01,GLOBE,2
2018-08-01,KIT,2
2018-08-01,LARGEPRINT,88
2018-08-01,MAP,36
2018-08-01,MIXED,2670
2018-08-01,MUSIC,675
2018-08-01,MUSICSNDREC,3
2018-08-01,NOTATEDMUSIC,4
2018-08-01,PICTURE,1
2018-08-01,REGPRINT,1231
2018-08-01,"REGPRINT, SOUNDDISC",16
2018-08-01,"REGPRINT, VIDEOREC",3
2018-08-01,SOUNDCASS,6
2018-08-01,"SOUNDCASS, SOUNDDISC",1
2018-08-01,SOUNDDISC,42697
2018-08-01,"SOUNDDISC, SOUNDREC",1
2018-08-01,"SOUNDDISC, VIDEODISC",422
2018-08-01,SOUNDREC,317
2018-08-01,UNSPECIFIED,11
2018-08-01,VIDEO,175
2018-08-01,VIDEOCART,20
2018-08-01,VIDEOCASS,29
2018-08-01,VIDEODISC,130014
2018-08-01,VIDEOREC,7
2018-08-01,VISUAL,24
2018-07-01,ATLAS,30
2018-07-01,AUDIOBOOK,86597
2018-07-01,BOOK,347513
2018-07-01,CR,264
2018-07-01,EBOOK,167149
2018-07-01,ER,257
2018-07-01,"ER, NONPROJGRAPH",1
2018-07-01,"ER, PRINT",1
2018-07-01,"ER, SOUNDDISC",125
2018-07-01,"ER, VIDEODISC",66
2018-07-01,FLASHCARD,2
2018-07-01,"FLASHCARD, SOUNDDISC",6
2018-07-01,KIT,3
2018-07-01,LARGEPRINT,90
2018-07-01,MAP,34
2018-07-01,MIXED,2217
2018-07-01,MUSIC,661
2018-07-01,MUSICSNDREC,6
2018-07-01,NOTATEDMUSIC,4
2018-07-01,REGPRINT,1158
2018-07-01,"REGPRINT, SOUNDDISC",13
2018-07-01,"REGPRINT, VIDEOREC",2
2018-07-01,SOUNDCASS,10
2018-07-01,SOUNDDISC,41155
2018-07-01,"SOUNDDISC, SOUNDREC",1
2018-07-01,"SOUNDDISC, VIDEODISC",373
2018-07-01,SOUNDREC,294
2018-07-01,UNSPECIFIED,25
2018-07-01,VIDEO,165
2018-07-01,VIDEOCART,13
2018-07-01,VIDEOCASS,39
2018-07-01,VIDEODISC,126337
2018-07-01,VIDEOREC,9
2018-07-01,VISUAL,36
2018-06-01,ATLAS,50
2018-06-01,AUDIOBOOK,81298
2018-06-01,BOOK,338143
2018-06-01,CR,249
2018-06-01,EBOOK,152686
2018-06-01,ER,221
2018-06-01,"ER, NONPROJGRAPH",1
2018-06-01,"ER, PRINT",1
2018-06-01,"ER, REGPRINT",1
2018-06-01,"ER, SOUNDDISC",118
2018-06-01,"ER, VIDEODISC",73
2018-06-01,"FLASHCARD, SOUNDDISC",4
2018-06-01,GLOBE,2
2018-06-01,LARGEPRINT,130
2018-06-01,MAP,27
2018-06-01,MICROFORM,1
2018-06-01,MIXED,2251
2018-06-01,MUSIC,625
2018-06-01,MUSICSNDREC,8
2018-06-01,REGPRINT,1143
2018-06-01,"REGPRINT, SOUNDDISC",11
2018-06-01,"REGPRINT, VIDEOREC",5
2018-06-01,SOUNDCASS,11
2018-06-01,"SOUNDCASS, SOUNDDISC",1
2018-06-01,SOUNDDISC,43089
2018-06-01,"SOUNDDISC, SOUNDREC",1
2018-06-01,"SOUNDDISC, VIDEODISC",448
2018-06-01,SOUNDREC,295
2018-06-01,UNSPECIFIED,21
2018-06-01,VIDEO,204
2018-06-01,VIDEOCART,11
2018-06-01,VIDEOCASS,34
2018-06-01,VIDEODISC,125173
2018-06-01,VIDEOREC,13
2018-06-01,VISUAL,32
2018-05-01,ATLAS,26
2018-05-01,AUDIOBOOK,78872
2018-05-01,BOOK,314658
2018-05-01,COMIC,2132
2018-05-01,CR,210
2018-05-01,EBOOK,148449
2018-05-01,ER,248
2018-05-01,"ER, NONPROJGRAPH",1
2018-05-01,"ER, PRINT",2
2018-05-01,"ER, SOUNDDISC",124
2018-05-01,"ER, VIDEODISC",57
2018-05-01,FLASHCARD,1
2018-05-01,"FLASHCARD, SOUNDDISC",5
2018-05-01,GLOBE,5
2018-05-01,KIT,2
2018-05-01,LARGEPRINT,103
2018-05-01,MAP,34
2018-05-01,MICROFORM,6
2018-05-01,MIXED,2344
2018-05-01,MOVIE,1938
2018-05-01,MUSIC,2700
2018-05-01,MUSICSNDREC,5
2018-05-01,REGPRINT,1195
2018-05-01,"REGPRINT, SOUNDDISC",14
2018-05-01,"REGPRINT, VIDEOREC",5
2018-05-01,SOUNDCASS,4
2018-05-01,SOUNDDISC,41887
2018-05-01,"SOUNDDISC, SOUNDREC",2
2018-05-01,"SOUNDDISC, VIDEOCASS",1
2018-05-01,"SOUNDDISC, VIDEODISC",480
2018-05-01,SOUNDREC,284
2018-05-01,TELEVISION,2079
2018-05-01,UNSPECIFIED,21
2018-05-01,VIDEO,218
2018-05-01,VIDEOCART,6
2018-05-01,VIDEOCASS,30
2018-05-01,VIDEODISC,122311
2018-05-01,VIDEOREC,13
2018-05-01,VISUAL,31
2018-04-01,ATLAS,32
2018-04-01,AUDIOBOOK,75960
2018-04-01,BOOK,327296
2018-04-01,COMIC,3725
2018-04-01,CR,259
2018-04-01,EBOOK,147932
2018-04-01,ER,212
2018-04-01,"ER, NONPROJGRAPH",1
2018-04-01,"ER, PRINT",2
2018-04-01,"ER, REGPRINT",1
2018-04-01,"ER, SOUNDDISC",133
2018-04-01,"ER, VIDEODISC",58
2018-04-01,"FLASHCARD, SOUNDDISC",2
2018-04-01,GLOBE,2
2018-04-01,KIT,2
2018-04-01,LARGEPRINT,140
2018-04-01,MAP,28
2018-04-01,MICROFORM,1
2018-04-01,MIXED,1956
2018-04-01,MOVIE,4411
2018-04-01,MUSIC,5131
2018-04-01,MUSICSNDREC,3
2018-04-01,NOTATEDMUSIC,1
2018-04-01,REGPRINT,1395
2018-04-01,"REGPRINT, SOUNDDISC",11
2018-04-01,"REGPRINT, VIDEOREC",2
2018-04-01,SOUNDCASS,9
2018-04-01,SOUNDDISC,45282
2018-04-01,"SOUNDDISC, SOUNDREC",1
2018-04-01,"SOUNDDISC, VIDEODISC",497
2018-04-01,SOUNDREC,292
2018-04-01,TELEVISION,3694
2018-04-01,UNSPECIFIED,23
2018-04-01,VIDEO,242
2018-04-01,VIDEOCART,13
2018-04-01,VIDEOCASS,34
2018-04-01,"VIDEOCASS, VIDEODISC",2
2018-04-01,VIDEODISC,133121
2018-04-01,VIDEOREC,7
2018-04-01,VISUAL,29
2018-03-01,ATLAS,46
2018-03-01,AUDIOBOOK,76953
2018-03-01,BOOK,340776
2018-03-01,COMIC,3922
2018-03-01,CR,279
2018-03-01,EBOOK,150496
2018-03-01,ER,268
2018-03-01,"ER, NONPROJGRAPH",4
2018-03-01,"ER, PRINT",1
2018-03-01,"ER, REGPRINT",2
2018-03-01,"ER, SOUNDDISC",133
2018-03-01,"ER, VIDEODISC",60
2018-03-01,"FLASHCARD, SOUNDDISC",8
2018-03-01,GLOBE,3
2018-03-01,KIT,3
2018-03-01,LARGEPRINT,58
2018-03-01,MAP,33
2018-03-01,MICROFORM,3
2018-03-01,MIXED,1879
2018-03-01,MOVIE,4496
2018-03-01,MUSIC,5176
2018-03-01,MUSICSNDREC,5
2018-03-01,NOTATEDMUSIC,1
2018-03-01,REGPRINT,1417
2018-03-01,"REGPRINT, SOUNDDISC",16
2018-03-01,"REGPRINT, VIDEOREC",6
2018-03-01,SOUNDCASS,10
2018-03-01,SOUNDDISC,45609
2018-03-01,"SOUNDDISC, SOUNDREC",1
2018-03-01,"SOUNDDISC, VIDEODISC",511
2018-03-01,SOUNDREC,293
2018-03-01,TELEVISION,4091
2018-03-01,UNSPECIFIED,31
2018-03-01,VIDEO,203
2018-03-01,VIDEOCART,10
2018-03-01,VIDEOCASS,29
2018-03-01,"VIDEOCASS, VIDEODISC",3
2018-03-01,VIDEODISC,137365
2018-03-01,VIDEOREC,7
2018-03-01,VISUAL,26
2018-02-01,ATLAS,34
2018-02-01,AUDIOBOOK,68119
2018-02-01,BOOK,306379
2018-02-01,COMIC,3754
2018-02-01,CR,318
2018-02-01,EBOOK,135768
2018-02-01,ER,225
2018-02-01,"ER, NONPROJGRAPH",4
2018-02-01,"ER, SOUNDDISC",101
2018-02-01,"ER, VIDEODISC",68
2018-02-01,"FLASHCARD, SOUNDDISC",2
2018-02-01,GLOBE,1
2018-02-01,KIT,2
2018-02-01,LARGEPRINT,31
2018-02-01,MAP,25
2018-02-01,MIXED,1752
2018-02-01,MOVIE,4337
2018-02-01,MUSIC,4884
2018-02-01,MUSICSNDREC,7
2018-02-01,NOTATEDMUSIC,1
2018-02-01,REGPRINT,1117
2018-02-01,"REGPRINT, SOUNDDISC",9
2018-02-01,"REGPRINT, VIDEOREC",5
2018-02-01,SOUNDCASS,9
2018-02-01,"SOUNDCASS, SOUNDDISC, VIDEOCASS, VIDEODISC",1
2018-02-01,SOUNDDISC,43672
2018-02-01,"SOUNDDISC, SOUNDREC",1
2018-02-01,"SOUNDDISC, VIDEODISC",467
2018-02-01,SOUNDREC,299
2018-02-01,TELEVISION,3856
2018-02-01,UNSPECIFIED,33
2018-02-01,VIDEO,255
2018-02-01,VIDEOCART,14
2018-02-01,VIDEOCASS,33
2018-02-01,"VIDEOCASS, VIDEODISC",1
2018-02-01,VIDEODISC,127590
2018-02-01,VIDEOREC,8
2018-02-01,VISUAL,19
2018-01-01,ATLAS,38
2018-01-01,AUDIOBOOK,74591
2018-01-01,BOOK,351197
2018-01-01,COMIC,3805
2018-01-01,CR,351
2018-01-01,EBOOK,150764
2018-01-01,ER,283
2018-01-01,"ER, NONPROJGRAPH",3
2018-01-01,"ER, PRINT",3
2018-01-01,"ER, REGPRINT",1
2018-01-01,"ER, SOUNDDISC",127
2018-01-01,"ER, VIDEODISC",81
2018-01-01,"FLASHCARD, SOUNDDISC",7
2018-01-01,GLOBE,4
2018-01-01,KIT,4
2018-01-01,LARGEPRINT,50
2018-01-01,MAP,34
2018-01-01,MICROFORM,3
2018-01-01,MIXED,1886
2018-01-01,MOVIE,4429
2018-01-01,MUSIC,4848
2018-01-01,MUSICSNDREC,4
2018-01-01,PRINT,1
2018-01-01,REGPRINT,1381
2018-01-01,"REGPRINT, SOUNDDISC",12
2018-01-01,"REGPRINT, VIDEOREC",5
2018-01-01,SOUNDCASS,9
2018-01-01,"SOUNDCASS, SOUNDDISC",1
2018-01-01,SOUNDDISC,49555
2018-01-01,"SOUNDDISC, SOUNDREC",1
2018-01-01,"SOUNDDISC, VIDEODISC",553
2018-01-01,SOUNDREC,340
2018-01-01,TELEVISION,3727
2018-01-01,UNSPECIFIED,39
2018-01-01,VIDEO,256
2018-01-01,VIDEOCART,6
2018-01-01,VIDEOCASS,39
2018-01-01,"VIDEOCASS, VIDEODISC",2
2018-01-01,VIDEODISC,148670
2018-01-01,VIDEOREC,9
2018-01-01,VISUAL,15
2017-12-01,ATLAS,29
2017-12-01,AUDIOBOOK,67860
2017-12-01,BOOK,301134
2017-12-01,COMIC,3902
2017-12-01,CR,323
2017-12-01,EBOOK,143032
2017-12-01,ER,195
2017-12-01,"ER, NONPROJGRAPH",3
2017-12-01,"ER, PRINT",1
2017-12-01,"ER, REGPRINT",2
2017-12-01,"ER, SOUNDDISC",95
2017-12-01,"ER, VIDEODISC",62
2017-12-01,"FLASHCARD, SOUNDDISC",2
2017-12-01,GLOBE,3
2017-12-01,KIT,2
2017-12-01,LARGEPRINT,48
2017-12-01,MAP,26
2017-12-01,MICROFORM,1
2017-12-01,MIXED,1602
2017-12-01,MOVIE,4932
2017-12-01,MUSIC,5320
2017-12-01,MUSICSNDREC,8
2017-12-01,REGPRINT,1330
2017-12-01,"REGPRINT, SOUNDDISC",1
2017-12-01,"REGPRINT, VIDEOREC",1
2017-12-01,SOUNDCASS,4
2017-12-01,"SOUNDCASS, SOUNDDISC, VIDEOCASS, VIDEODISC",3
2017-12-01,SOUNDDISC,46315
2017-12-01,"SOUNDDISC, VIDEODISC",538
2017-12-01,SOUNDREC,298
2017-12-01,TELEVISION,3662
2017-12-01,UNSPECIFIED,35
2017-12-01,VIDEO,250
2017-12-01,VIDEOCART,3
2017-12-01,VIDEOCASS,27
2017-12-01,"VIDEOCASS, VIDEODISC",1
2017-12-01,VIDEODISC,146990
2017-12-01,VIDEOREC,16
2017-12-01,VISUAL,11
2017-11-01,ATLAS,29
2017-11-01,AUDIOBOOK,64060
2017-11-01,BOOK,331363
2017-11-01,COMIC,3033
2017-11-01,CR,315
2017-11-01,EBOOK,133163
2017-11-01,ER,190
2017-11-01,"ER, NONPROJGRAPH",2
2017-11-01,"ER, PRINT",1
2017-11-01,"ER, REGPRINT",1
2017-11-01,"ER, SOUNDDISC",117
2017-11-01,"ER, VIDEODISC",80
2017-11-01,"FLASHCARD, SOUNDDISC",2
2017-11-01,GLOBE,6
2017-11-01,KIT,3
2017-11-01,LARGEPRINT,28
2017-11-01,MAP,25
2017-11-01,MIXED,1415
2017-11-01,MOVIE,4596
2017-11-01,MUSIC,5031
2017-11-01,MUSICSNDREC,7
2017-11-01,NOTATEDMUSIC,5
2017-11-01,REGPRINT,672
2017-11-01,"REGPRINT, SOUNDDISC",9
2017-11-01,"REGPRINT, VIDEOREC",5
2017-11-01,SOUNDCASS,10
2017-11-01,SOUNDDISC,47189
2017-11-01,"SOUNDDISC, SOUNDREC",5
2017-11-01,"SOUNDDISC, VIDEODISC",510
2017-11-01,SOUNDREC,321
2017-11-01,TELEVISION,3182
2017-11-01,UNSPECIFIED,17
2017-11-01,VIDEO,222
2017-11-01,VIDEOCART,2
2017-11-01,VIDEOCASS,33
2017-11-01,"VIDEOCASS, VIDEODISC",1
2017-11-01,VIDEODISC,143832
2017-11-01,VIDEOREC,12
2017-11-01,VISUAL,3
2017-10-01,ATLAS,34
2017-10-01,AUDIOBOOK,65405
2017-10-01,BOOK,338085
2017-10-01,COMIC,2870
2017-10-01,CR,402
2017-10-01,EBOOK,132888
2017-10-01,ER,274
2017-10-01,"ER, NONPROJGRAPH",2
2017-10-01,"ER, PRINT",1
2017-10-01,"ER, SOUNDDISC",109
2017-10-01,"ER, VIDEODISC",86
2017-10-01,"FLASHCARD, SOUNDDISC",3
2017-10-01,GLOBE,6
2017-10-01,KIT,2
2017-10-01,LARGEPRINT,31
2017-10-01,MAP,37
2017-10-01,MIXED,1372
2017-10-01,MOVIE,4337
2017-10-01,MUSIC,5108
2017-10-01,MUSICSNDREC,4
2017-10-01,NOTATEDMUSIC,2
2017-10-01,REGPRINT,578
2017-10-01,"REGPRINT, SOUNDDISC",5
2017-10-01,"REGPRINT, VIDEOREC",5
2017-10-01,SOUNDCASS,12
2017-10-01,"SOUNDCASS, SOUNDDISC, VIDEOCASS, VIDEODISC",1
2017-10-01,SOUNDDISC,49280
2017-10-01,"SOUNDDISC, SOUNDREC",2
2017-10-01,"SOUNDDISC, VIDEODISC",568
2017-10-01,SOUNDREC,353
2017-10-01,TELEVISION,2481
2017-10-01,UNSPECIFIED,22
2017-10-01,VIDEO,188
2017-10-01,VIDEOCART,3
2017-10-01,VIDEOCASS,40
2017-10-01,"VIDEOCASS, VIDEODISC",3
2017-10-01,VIDEODISC,147653
2017-10-01,VIDEOREC,10
2017-10-01,VISUAL,12
2017-09-01,ATLAS,22
2017-09-01,AUDIOBOOK,62017
2017-09-01,BOOK,326850
2017-09-01,COMIC,2586
2017-09-01,CR,334
2017-09-01,EBOOK,129757
2017-09-01,ER,200
2017-09-01,"ER, NONPROJGRAPH",2
2017-09-01,"ER, PRINT",2
2017-09-01,"ER, REGPRINT",1
2017-09-01,"ER, SOUNDDISC",121
2017-09-01,"ER, VIDEODISC",64
2017-09-01,"FLASHCARD, SOUNDDISC",5
2017-09-01,GLOBE,3
2017-09-01,KIT,5
2017-09-01,LARGEPRINT,36
2017-09-01,MAP,31
2017-09-01,MIXED,1050
2017-09-01,MOVIE,3886
2017-09-01,MUSIC,4476
2017-09-01,MUSICSNDREC,6
2017-09-01,REGPRINT,509
2017-09-01,"REGPRINT, SOUNDDISC",12
2017-09-01,"REGPRINT, VIDEOREC",5
2017-09-01,REMOTESEN,1
2017-09-01,SOUNDCASS,11
2017-09-01,"SOUNDCASS, SOUNDDISC, VIDEOCASS, VIDEODISC",2
2017-09-01,SOUNDDISC,48698
2017-09-01,"SOUNDDISC, SOUNDREC",3
2017-09-01,"SOUNDDISC, VIDEODISC",588
2017-09-01,SOUNDREC,363
2017-09-01,TELEVISION,2375
2017-09-01,UNSPECIFIED,11
2017-09-01,VIDEO,218
2017-09-01,VIDEOCART,1
2017-09-01,VIDEOCASS,42
2017-09-01,"VIDEOCASS, VIDEODISC",4
2017-09-01,VIDEODISC,143450
2017-09-01,VIDEOREC,14
2017-09-01,VISUAL,4
2017-08-01,ATLAS,46
2017-08-01,AUDIOBOOK,65642
2017-08-01,BOOK,348916
2017-08-01,COMIC,2658
2017-08-01,CR,303
2017-08-01,EBOOK,143495
2017-08-01,ER,215
2017-08-01,"ER, NONPROJGRAPH",2
2017-08-01,"ER, PRINT",1
2017-08-01,"ER, SOUNDDISC",131
2017-08-01,"ER, VIDEODISC",95
2017-08-01,"FLASHCARD, SOUNDDISC",6
2017-08-01,GLOBE,10
2017-08-01,KIT,1
2017-08-01,LARGEPRINT,42
2017-08-01,MAP,42
2017-08-01,MIXED,1173
2017-08-01,MOVIE,3853
2017-08-01,MUSIC,4617
2017-08-01,MUSICSNDREC,6
2017-08-01,REGPRINT,544
2017-08-01,"REGPRINT, SOUNDDISC",9
2017-08-01,"REGPRINT, VIDEOREC",5
2017-08-01,SOUNDCASS,10
2017-08-01,"SOUNDCASS, SOUNDDISC",1
2017-08-01,SOUNDDISC,53887
2017-08-01,"SOUNDDISC, SOUNDREC",2
2017-08-01,"SOUNDDISC, VIDEODISC",603
2017-08-01,SOUNDREC,396
2017-08-01,TELEVISION,2120
2017-08-01,UNSPECIFIED,11
2017-08-01,VIDEO,297
2017-08-01,VIDEOCART,4
2017-08-01,VIDEOCASS,49
2017-08-01,"VIDEOCASS, VIDEODISC",3
2017-08-01,VIDEODISC,154635
2017-08-01,VIDEOREC,11
2017-08-01,VISUAL,1
2017-07-01,ATLAS,34
2017-07-01,AUDIOBOOK,62569
2017-07-01,BOOK,358627
2017-07-01,COMIC,2254
2017-07-01,CR,311
2017-07-01,EBOOK,136420
2017-07-01,ER,206
2017-07-01,"ER, NONPROJGRAPH",2
2017-07-01,"ER, PRINT",4
2017-07-01,"ER, REGPRINT",2
2017-07-01,"ER, SOUNDDISC",134
2017-07-01,"ER, VIDEODISC",89
2017-07-01,"FLASHCARD, SOUNDDISC",6
2017-07-01,GLOBE,5
2017-07-01,KIT,4
2017-07-01,LARGEPRINT,38
2017-07-01,MAP,51
2017-07-01,MICROFORM,1
2017-07-01,MIXED,1002
2017-07-01,MOVIE,3820
2017-07-01,MUSIC,4950
2017-07-01,MUSICSNDREC,6
2017-07-01,NOTATEDMUSIC,4
2017-07-01,REGPRINT,560
2017-07-01,"REGPRINT, SOUNDDISC",12
2017-07-01,"REGPRINT, VIDEOREC",5
2017-07-01,SOUNDCASS,13
2017-07-01,"SOUNDCASS, SOUNDDISC, VIDEOCASS, VIDEODISC",1
2017-07-01,SOUNDDISC,51186
2017-07-01,"SOUNDDISC, VIDEODISC",605
2017-07-01,SOUNDREC,386
2017-07-01,TELEVISION,1888
2017-07-01,VIDEO,244
2017-07-01,VIDEOCART,3
2017-07-01,VIDEOCASS,45
2017-07-01,"VIDEOCASS, VIDEODISC",2
2017-07-01,VIDEODISC,155213
2017-07-01,VIDEOREC,17
2017-07-01,VISUAL,1
2017-06-01,ATLAS,46
2017-06-01,AUDIOBOOK,60674
2017-06-01,BOOK,327409
2017-06-01,CHART,1
2017-06-01,COMIC,2103
2017-06-01,CR,267
2017-06-01,EBOOK,129912
2017-06-01,ER,179
2017-06-01,"ER, NONPROJGRAPH",4
2017-06-01,"ER, PRINT",1
2017-06-01,"ER, SOUNDDISC",134
2017-06-01,"ER, VIDEODISC",88
2017-06-01,"FLASHCARD, SOUNDDISC",9
2017-06-01,GLOBE,4
2017-06-01,KIT,1
2017-06-01,LARGEPRINT,29
2017-06-01,MAP,30
2017-06-01,MIXED,1094
2017-06-01,MOVIE,3836
2017-06-01,MUSIC,4413
2017-06-01,MUSICSNDREC,5
2017-06-01,PICTURE,1
2017-06-01,REGPRINT,499
2017-06-01,"REGPRINT, SOUNDDISC",8
2017-06-01,"REGPRINT, VIDEOREC",3
2017-06-01,SOUNDCASS,9
2017-06-01,SOUNDDISC,50243
2017-06-01,"SOUNDDISC, SOUNDREC",3
2017-06-01,"SOUNDDISC, VIDEODISC",598
2017-06-01,SOUNDREC,347
2017-06-01,TELEVISION,1602
2017-06-01,VIDEO,298
2017-06-01,VIDEOCART,4
2017-06-01,VIDEOCASS,61
2017-06-01,"VIDEOCASS, VIDEODISC",4
2017-06-01,VIDEODISC,152083
2017-06-01,VIDEOREC,9
2017-06-01,VISUAL,2
2017-05-01,ATLAS,46
2017-05-01,AUDIOBOOK,59090
2017-05-01,BOOK,310153
2017-05-01,COMIC,1892
2017-05-01,CR,286
2017-05-01,EBOOK,128027
2017-05-01,ER,195
2017-05-01,"ER, NONPROJGRAPH",1
2017-05-01,"ER, PRINT",2
2017-05-01,"ER, REGPRINT",2
2017-05-01,"ER, SOUNDDISC",139
2017-05-01,"ER, VIDEODISC",99
2017-05-01,FLASHCARD,1
2017-05-01,"FLASHCARD, SOUNDDISC",3
2017-05-01,GLOBE,1
2017-05-01,KIT,2
2017-05-01,LARGEPRINT,24
2017-05-01,MAP,30
2017-05-01,MIXED,1006
2017-05-01,MOVIE,3717
2017-05-01,MUSIC,4716
2017-05-01,REGPRINT,452
2017-05-01,"REGPRINT, SOUNDDISC",6
2017-05-01,"REGPRINT, VIDEOREC",5
2017-05-01,"SLIDE, SOUNDCASS, VIDEOCASS",1
2017-05-01,SOUNDCASS,9
2017-05-01,"SOUNDCASS, SOUNDDISC",1
2017-05-01,SOUNDDISC,50868
2017-05-01,"SOUNDDISC, SOUNDREC",5
2017-05-01,"SOUNDDISC, VIDEOCASS",1
2017-05-01,"SOUNDDISC, VIDEODISC",649
2017-05-01,SOUNDREC,345
2017-05-01,TELEVISION,1703
2017-05-01,VIDEO,275
2017-05-01,VIDEOCART,1
2017-05-01,VIDEOCASS,50
2017-05-01,"VIDEOCASS, VIDEODISC",5
2017-05-01,VIDEODISC,152619
2017-05-01,VIDEOREC,16
2017-05-01,VISUAL,4
2017-04-01,ATLAS,36
2017-04-01,AUDIOBOOK,57705
2017-04-01,BOOK,318962
2017-04-01,COMIC,1788
2017-04-01,CR,351
2017-04-01,EBOOK,126790
2017-04-01,ER,180
2017-04-01,"ER, NONPROJGRAPH",2
2017-04-01,"ER, PRINT",2
2017-04-01,"ER, SOUNDDISC",141
2017-04-01,"ER, VIDEODISC",103
2017-04-01,"FLASHCARD, SOUNDDISC",5
2017-04-01,GLOBE,6
2017-04-01,KIT,4
2017-04-01,LARGEPRINT,24
2017-04-01,MAP,24
2017-04-01,MICROFORM,1
2017-04-01,MIXED,1031
2017-04-01,MOVIE,4416
2017-04-01,MUSIC,4680
2017-04-01,MUSICSNDREC,4
2017-04-01,NOTATEDMUSIC,2
2017-04-01,REGPRINT,479
2017-04-01,"REGPRINT, SOUNDDISC",14
2017-04-01,"REGPRINT, VIDEOREC",4
2017-04-01,SOUNDCASS,15
2017-04-01,"SOUNDCASS, SOUNDDISC, VIDEOCASS, VIDEODISC",1
2017-04-01,SOUNDDISC,50660
2017-04-01,"SOUNDDISC, SOUNDREC",1
2017-04-01,"SOUNDDISC, VIDEODISC",688
2017-04-01,SOUNDREC,392
2017-04-01,TELEVISION,1654
2017-04-01,VIDEO,287
2017-04-01,VIDEOCART,2
2017-04-01,VIDEOCASS,52
2017-04-01,"VIDEOCASS, VIDEODISC",7
2017-04-01,VIDEODISC,161505
2017-04-01,VIDEOREC,26
2017-04-01,VISUAL,7
2017-03-01,ATLAS,38
2017-03-01,AUDIOBOOK,58225
2017-03-01,BOOK,334800
2017-03-01,COMIC,1653
2017-03-01,CR,368
2017-03-01,EBOOK,128565
2017-03-01,ER,200
2017-03-01,"ER, NONPROJGRAPH",3
2017-03-01,"ER, REGPRINT",2
2017-03-01,"ER, SOUNDDISC",157
2017-03-01,"ER, VIDEODISC",111
2017-03-01,"ER, VIDEOREC",1
2017-03-01,"FLASHCARD, SOUNDDISC",5
2017-03-01,GLOBE,3
2017-03-01,KIT,3
2017-03-01,LARGEPRINT,19
2017-03-01,MAP,38
2017-03-01,MIXED,1018
2017-03-01,MOVIE,4778
2017-03-01,MUSIC,5018
2017-03-01,MUSICSNDREC,5
2017-03-01,NOTATEDMUSIC,1
2017-03-01,REGPRINT,519
2017-03-01,"REGPRINT, SOUNDDISC",7
2017-03-01,"REGPRINT, VIDEOREC",3
2017-03-01,SLIDE,1
2017-03-01,SOUNDCASS,8
2017-03-01,"SOUNDCASS, SOUNDDISC, VIDEOCASS, VIDEODISC",1
2017-03-01,SOUNDDISC,52906
2017-03-01,"SOUNDDISC, SOUNDREC",2
2017-03-01,"SOUNDDISC, VIDEODISC",705
2017-03-01,SOUNDREC,423
2017-03-01,TELEVISION,1946
2017-03-01,VIDEO,253
2017-03-01,VIDEOCART,8
2017-03-01,VIDEOCASS,40
2017-03-01,"VIDEOCASS, VIDEODISC",5
2017-03-01,VIDEODISC,171762
2017-03-01,VIDEOREC,25
2017-02-01,ATLAS,39
2017-02-01,AUDIOBOOK,50686
2017-02-01,BOOK,295535
2017-02-01,COMIC,1235
2017-02-01,CR,343
2017-02-01,EBOOK,117677
2017-02-01,ER,184
2017-02-01,"ER, NONPROJGRAPH",3
2017-02-01,"ER, PRINT",2
2017-02-01,"ER, REGPRINT",1
2017-02-01,"ER, SOUNDDISC",181
2017-02-01,"ER, VIDEODISC",107
2017-02-01,"FLASHCARD, SOUNDDISC",6
2017-02-01,GLOBE,1
2017-02-01,KIT,2
2017-02-01,LARGEPRINT,18
2017-02-01,MAP,18
2017-02-01,MIXED,874
2017-02-01,MOVIE,4615
2017-02-01,MUSIC,4428
2017-02-01,MUSICSNDREC,3
2017-02-01,NOTATEDMUSIC,1
2017-02-01,PICTURE,1
2017-02-01,REGPRINT,451
2017-02-01,"REGPRINT, SOUNDDISC",14
2017-02-01,"REGPRINT, VIDEOREC",7
2017-02-01,SOUNDCASS,10
2017-02-01,"SOUNDCASS, SOUNDDISC, VIDEOCASS, VIDEODISC",1
2017-02-01,SOUNDDISC,48032
2017-02-01,"SOUNDDISC, SOUNDREC",2
2017-02-01,"SOUNDDISC, VIDEODISC",649
2017-02-01,SOUNDREC,369
2017-02-01,TELEVISION,1725
2017-02-01,VIDEO,293
2017-02-01,VIDEOCART,5
2017-02-01,VIDEOCASS,36
2017-02-01,"VIDEOCASS, VIDEODISC",7
2017-02-01,VIDEODISC,151531
2017-02-01,VIDEOREC,17
2017-02-01,VISUAL,379
2017-01-01,ATLAS,49
2017-01-01,AUDIOBOOK,56456
2017-01-01,BOOK,327112
2017-01-01,COMIC,1375
2017-01-01,CR,372
2017-01-01,EBOOK,128915
2017-01-01,ER,204
2017-01-01,"ER, NONPROJGRAPH",4
2017-01-01,"ER, PRINT",1
2017-01-01,"ER, SOUNDDISC",195
2017-01-01,"ER, VIDEODISC",100
2017-01-01,"FLASHCARD, SOUNDDISC",5
2017-01-01,GLOBE,9
2017-01-01,KIT,2
2017-01-01,LARGEPRINT,22
2017-01-01,MAP,40
2017-01-01,MIXED,995
2017-01-01,MOVIE,4551
2017-01-01,MUSIC,4474
2017-01-01,MUSICSNDREC,8
2017-01-01,REGPRINT,495
2017-01-01,"REGPRINT, SOUNDDISC",6
2017-01-01,"REGPRINT, VIDEOREC",1
2017-01-01,SLIDE,1
2017-01-01,SOUNDCASS,15
2017-01-01,SOUNDDISC,53399
2017-01-01,"SOUNDDISC, SOUNDREC",4
2017-01-01,"SOUNDDISC, VIDEOCASS",1
2017-01-01,"SOUNDDISC, VIDEODISC",746
2017-01-01,SOUNDREC,390
2017-01-01,TELEVISION,1862
2017-01-01,VIDEO,179
2017-01-01,VIDEOCART,5
2017-01-01,VIDEOCASS,38
2017-01-01,"VIDEOCASS, VIDEODISC",10
2017-01-01,VIDEODISC,170713
2017-01-01,VIDEOREC,23
2017-01-01,VISUAL,453
2016-12-01,ATLAS,28
2016-12-01,AUDIOBOOK,54335
2016-12-01,BOOK,297622
2016-12-01,COMIC,957
2016-12-01,CR,336
2016-12-01,EBOOK,125680
2016-12-01,ER,155
2016-12-01,"ER, NONPROJGRAPH",1
2016-12-01,"ER, PRINT",1
2016-12-01,"ER, REGPRINT",1
2016-12-01,"ER, SOUNDDISC",193
2016-12-01,"ER, VIDEODISC",88
2016-12-01,"ER, VIDEOREC",1
2016-12-01,"FLASHCARD, SOUNDDISC",4
2016-12-01,GLOBE,5
2016-12-01,KIT,2
2016-12-01,LARGEPRINT,13
2016-12-01,MAP,23
2016-12-01,MIXED,875
2016-12-01,MOVIE,5180
2016-12-01,MUSIC,5043
2016-12-01,MUSICSNDREC,6
2016-12-01,NOTATEDMUSIC,1
2016-12-01,PRINT,1
2016-12-01,REGPRINT,513
2016-12-01,"REGPRINT, SOUNDDISC",8
2016-12-01,"REGPRINT, VIDEOREC",3
2016-12-01,SOUNDCASS,14
2016-12-01,"SOUNDCASS, SOUNDDISC",1
2016-12-01,SOUNDDISC,51669
2016-12-01,"SOUNDDISC, SOUNDREC",4
2016-12-01,"SOUNDDISC, VIDEODISC",721
2016-12-01,SOUNDREC,331
2016-12-01,TELEVISION,1719
2016-12-01,VIDEO,146
2016-12-01,VIDEOCART,5
2016-12-01,VIDEOCASS,44
2016-12-01,"VIDEOCASS, VIDEODISC",9
2016-12-01,VIDEODISC,173295
2016-12-01,VIDEOREC,17
2016-12-01,VISUAL,425
2016-11-01,ATLAS,28
2016-11-01,AUDIOBOOK,50966
2016-11-01,BOOK,326934
2016-11-01,COMIC,437
2016-11-01,CR,391
2016-11-01,EBOOK,117918
2016-11-01,ER,183
2016-11-01,"ER, NONPROJGRAPH",1
2016-11-01,"ER, PRINT",3
2016-11-01,"ER, SOUNDDISC",167
2016-11-01,"ER, VIDEODISC",100
2016-11-01,"FLASHCARD, SOUNDDISC",6
2016-11-01,GLOBE,3
2016-11-01,KIT,4
2016-11-01,LARGEPRINT,17
2016-11-01,MAP,35
2016-11-01,MIXED,920
2016-11-01,MOVIE,5025
2016-11-01,MUSIC,4734
2016-11-01,MUSICSNDREC,9
2016-11-01,NOTATEDMUSIC,1
2016-11-01,PRINT,2
2016-11-01,REGPRINT,513
2016-11-01,"REGPRINT, SOUNDDISC",12
2016-11-01,"REGPRINT, VIDEOREC",5
2016-11-01,SOUNDCASS,21
2016-11-01,SOUNDDISC,52361
2016-11-01,"SOUNDDISC, SOUNDREC",2
2016-11-01,"SOUNDDISC, VIDEODISC",766
2016-11-01,SOUNDREC,398
2016-11-01,TELEVISION,1875
2016-11-01,VIDEO,154
2016-11-01,VIDEOCART,7
2016-11-01,VIDEOCASS,41
2016-11-01,"VIDEOCASS, VIDEODISC",7
2016-11-01,VIDEODISC,170968
2016-11-01,VIDEOREC,16
2016-11-01,VISUAL,434
2016-10-01,ATLAS,44
2016-10-01,AUDIOBOOK,50798
2016-10-01,BOOK,342343
2016-10-01,CR,408
2016-10-01,EBOOK,118215
2016-10-01,ER,225
2016-10-01,"ER, NONPROJGRAPH",3
2016-10-01,"ER, PRINT",1
2016-10-01,"ER, SOUNDDISC",132
2016-10-01,"ER, VIDEODISC",124
2016-10-01,"ER, VIDEOREC",1
2016-10-01,"FLASHCARD, SOUNDDISC",11
2016-10-01,GLOBE,6
2016-10-01,KIT,3
2016-10-01,LARGEPRINT,24
2016-10-01,MAP,25
2016-10-01,MICROFORM,1
2016-10-01,MIXED,977
2016-10-01,MOVIE,4664
2016-10-01,MUSIC,4638
2016-10-01,MUSICSNDREC,8
2016-10-01,NOTATEDMUSIC,3
2016-10-01,REGPRINT,540
2016-10-01,"REGPRINT, SOUNDDISC",5
2016-10-01,"REGPRINT, VIDEOREC",6
2016-10-01,SOUNDCASS,16
2016-10-01,"SOUNDCASS, SOUNDDISC, VIDEOCASS, VIDEODISC",3
2016-10-01,SOUNDDISC,53414
2016-10-01,"SOUNDDISC, SOUNDREC",2
2016-10-01,"SOUNDDISC, VIDEODISC",763
2016-10-01,SOUNDREC,399
2016-10-01,TELEVISION,1720
2016-10-01,VIDEO,171
2016-10-01,VIDEOCART,11
2016-10-01,VIDEOCASS,47
2016-10-01,"VIDEOCASS, VIDEODISC",9
2016-10-01,VIDEODISC,175866
2016-10-01,VIDEOREC,4
2016-10-01,VISUAL,452
2016-09-01,ATLAS,37
2016-09-01,AUDIOBOOK,50226
2016-09-01,BOOK,309934
2016-09-01,CR,335
2016-09-01,EBOOK,118993
2016-09-01,ER,192
2016-09-01,"ER, NONPROJGRAPH",4
2016-09-01,"ER, PRINT",3
2016-09-01,"ER, SOUNDDISC",124
2016-09-01,"ER, VIDEODISC",113
2016-09-01,"FLASHCARD, SOUNDDISC",9
2016-09-01,GLOBE,4
2016-09-01,KIT,2
2016-09-01,LARGEPRINT,23
2016-09-01,MAP,26
2016-09-01,MICROFORM,1
2016-09-01,MIXED,797
2016-09-01,MOVIE,4221
2016-09-01,MUSIC,4459
2016-09-01,MUSICSNDREC,5
2016-09-01,REGPRINT,457
2016-09-01,"REGPRINT, SOUNDDISC",8
2016-09-01,"REGPRINT, VIDEOREC",4
2016-09-01,SOUNDCASS,14
2016-09-01,"SOUNDCASS, SOUNDDISC, VIDEOCASS, VIDEODISC",1
2016-09-01,SOUNDDISC,51590
2016-09-01,"SOUNDDISC, SOUNDREC",1
2016-09-01,"SOUNDDISC, VIDEODISC",687
2016-09-01,SOUNDREC,384
2016-09-01,TELEVISION,1819
2016-09-01,VIDEO,243
2016-09-01,VIDEOCART,4
2016-09-01,VIDEOCASS,54
2016-09-01,"VIDEOCASS, VIDEODISC",8
2016-09-01,VIDEODISC,150686
2016-09-01,VIDEOREC,4
2016-09-01,VISUAL,378
2016-08-01,ATLAS,34
2016-08-01,AUDIOBOOK,52480
2016-08-01,BOOK,323659
2016-08-01,CR,368
2016-08-01,EBOOK,126352
2016-08-01,ER,203
2016-08-01,"ER, NONPROJGRAPH",5
2016-08-01,"ER, PRINT",4
2016-08-01,"ER, SOUNDDISC",148
2016-08-01,"ER, VIDEODISC",119
2016-08-01,"FLASHCARD, SOUNDDISC",9
2016-08-01,GLOBE,4
2016-08-01,KIT,5
2016-08-01,LARGEPRINT,27
2016-08-01,MAP,24
2016-08-01,MIXED,877
2016-08-01,MOVIE,4169
2016-08-01,MUSIC,4491
2016-08-01,MUSICSNDREC,2
2016-08-01,REGPRINT,538
2016-08-01,"REGPRINT, SOUNDDISC",11
2016-08-01,"REGPRINT, VIDEOREC",5
2016-08-01,SLIDE,1
2016-08-01,"SLIDE, VIDEOCASS",1
2016-08-01,SOUNDCASS,20
2016-08-01,"SOUNDCASS, SOUNDDISC, VIDEOCASS, VIDEODISC",2
2016-08-01,SOUNDDISC,54305
2016-08-01,"SOUNDDISC, SOUNDREC",1
2016-08-01,"SOUNDDISC, VIDEODISC",715
2016-08-01,SOUNDREC,406
2016-08-01,TELEVISION,1765
2016-08-01,VIDEO,208
2016-08-01,VIDEOCART,4
2016-08-01,VIDEOCASS,46
2016-08-01,"VIDEOCASS, VIDEODISC",5
2016-08-01,VIDEODISC,153334
2016-08-01,VIDEOREC,5
2016-08-01,VISUAL,418
2016-07-01,ATLAS,38
2016-07-01,AUDIOBOOK,50513
2016-07-01,BOOK,328531
2016-07-01,CR,367
2016-07-01,EBOOK,125635
2016-07-01,ER,221
2016-07-01,"ER, NONPROJGRAPH",9
2016-07-01,"ER, PRINT",3
2016-07-01,"ER, REGPRINT",1
2016-07-01,"ER, SOUNDDISC",143
2016-07-01,"ER, VIDEODISC",114
2016-07-01,"ER, VIDEOREC",2
2016-07-01,"FLASHCARD, SOUNDDISC",6
2016-07-01,GLOBE,3
2016-07-01,KIT,4
2016-07-01,LARGEPRINT,28
2016-07-01,MAP,32
2016-07-01,MIXED,865
2016-07-01,MOVIE,4051
2016-07-01,MUSIC,4421
2016-07-01,MUSICSNDREC,5
2016-07-01,NOTATEDMUSIC,1
2016-07-01,REGPRINT,502
2016-07-01,"REGPRINT, SOUNDDISC",13
2016-07-01,"REGPRINT, VIDEOREC",2
2016-07-01,SOUNDCASS,19
2016-07-01,"SOUNDCASS, SOUNDDISC, VIDEOCASS, VIDEODISC",2
2016-07-01,SOUNDDISC,54215
2016-07-01,"SOUNDDISC, SOUNDREC",2
2016-07-01,"SOUNDDISC, VIDEODISC",723
2016-07-01,SOUNDREC,391
2016-07-01,TELEVISION,1588
2016-07-01,VIDEO,208
2016-07-01,VIDEOCART,2
2016-07-01,VIDEOCASS,42
2016-07-01,"VIDEOCASS, VIDEODISC",7
2016-07-01,VIDEODISC,155129
2016-07-01,VIDEOREC,4
2016-07-01,VISUAL,431
2016-06-01,ATLAS,35
2016-06-01,AUDIOBOOK,48249
2016-06-01,BOOK,321865
2016-06-01,CR,369
2016-06-01,EBOOK,118905
2016-06-01,ER,176
2016-06-01,"ER, NONPROJGRAPH",7
2016-06-01,"ER, PRINT",1
2016-06-01,"ER, REGPRINT",1
2016-06-01,"ER, SOUNDDISC",129
2016-06-01,"ER, VIDEODISC",115
2016-06-01,"ER, VIDEOREC",1
2016-06-01,"FLASHCARD, SOUNDDISC",13
2016-06-01,GLOBE,7
2016-06-01,KIT,7
2016-06-01,LARGEPRINT,27
2016-06-01,MAP,19
2016-06-01,MIXED,853
2016-06-01,MOVIE,3780
2016-06-01,MUSIC,4187
2016-06-01,MUSICSNDREC,5
2016-06-01,NOTATEDMUSIC,1
2016-06-01,REGPRINT,460
2016-06-01,"REGPRINT, SOUNDDISC",12
2016-06-01,"REGPRINT, VIDEOREC",5
2016-06-01,SOUNDCASS,23
2016-06-01,SOUNDDISC,54854
2016-06-01,"SOUNDDISC, SOUNDREC",2
2016-06-01,"SOUNDDISC, VIDEODISC",711
2016-06-01,SOUNDREC,392
2016-06-01,TELEVISION,1508
2016-06-01,VIDEO,226
2016-06-01,VIDEOCART,4
2016-06-01,VIDEOCASS,39
2016-06-01,"VIDEOCASS, VIDEODISC",7
2016-06-01,VIDEODISC,153200
2016-06-01,VIDEOREC,4
2016-06-01,VISUAL,440
2016-05-01,ATLAS,51
2016-05-01,AUDIOBOOK,48386
2016-05-01,BOOK,307102
2016-05-01,CR,326
2016-05-01,EBOOK,119602
2016-05-01,ER,191
2016-05-01,"ER, NONPROJGRAPH",1
2016-05-01,"ER, PRINT",3
2016-05-01,"ER, SOUNDDISC",122
2016-05-01,"ER, VIDEODISC",118
2016-05-01,"ER, VIDEOREC",1
2016-05-01,"FLASHCARD, SOUNDDISC",8
2016-05-01,GLOBE,4
2016-05-01,KIT,7
2016-05-01,LARGEPRINT,37
2016-05-01,MAP,25
2016-05-01,MIXED,825
2016-05-01,MOVIE,4082
2016-05-01,MUSIC,4425
2016-05-01,MUSICSNDREC,3
2016-05-01,NOTATEDMUSIC,2
2016-05-01,REGPRINT,399
2016-05-01,"REGPRINT, SOUNDDISC",13
2016-05-01,"REGPRINT, VIDEOREC",6
2016-05-01,SOUNDCASS,17
2016-05-01,SOUNDDISC,54575
2016-05-01,"SOUNDDISC, SOUNDREC",2
2016-05-01,"SOUNDDISC, VIDEOCASS",1
2016-05-01,"SOUNDDISC, VIDEODISC",746
2016-05-01,SOUNDREC,350
2016-05-01,TELEVISION,1538
2016-05-01,VIDEO,269
2016-05-01,VIDEOCART,4
2016-05-01,VIDEOCASS,38
2016-05-01,"VIDEOCASS, VIDEODISC",9
2016-05-01,VIDEODISC,154618
2016-05-01,VIDEOREC,5
2016-05-01,VISUAL,459
2016-04-01,ATLAS,41
2016-04-01,AUDIOBOOK,45831
2016-04-01,BOOK,308510
2016-04-01,CHART,1
2016-04-01,CR,354
2016-04-01,EBOOK,115367
2016-04-01,ER,238
2016-04-01,"ER, NONPROJGRAPH",5
2016-04-01,"ER, PRINT",2
2016-04-01,"ER, REGPRINT",1
2016-04-01,"ER, SOUNDDISC",112
2016-04-01,"ER, VIDEODISC",116
2016-04-01,"FLASHCARD, SOUNDDISC",7
2016-04-01,GLOBE,5
2016-04-01,KIT,3
2016-04-01,LARGEPRINT,42
2016-04-01,MAP,32
2016-04-01,MICROFORM,1
2016-04-01,MIXED,826
2016-04-01,MOVIE,3833
2016-04-01,MUSIC,4448
2016-04-01,MUSICSNDREC,4
2016-04-01,NOTATEDMUSIC,2
2016-04-01,REGPRINT,426
2016-04-01,"REGPRINT, SOUNDDISC",15
2016-04-01,"REGPRINT, VIDEOREC",4
2016-04-01,SOUNDCASS,15
2016-04-01,"SOUNDCASS, SOUNDDISC",1
2016-04-01,"SOUNDCASS, SOUNDDISC, VIDEOCASS, VIDEODISC",1
2016-04-01,SOUNDDISC,57709
2016-04-01,"SOUNDDISC, SOUNDREC",3
2016-04-01,"SOUNDDISC, VIDEOCASS",1
2016-04-01,"SOUNDDISC, VIDEODISC",651
2016-04-01,SOUNDREC,362
2016-04-01,TELEVISION,1429
2016-04-01,VIDEO,194
2016-04-01,VIDEOCART,11
2016-04-01,VIDEOCASS,39
2016-04-01,"VIDEOCASS, VIDEODISC",8
2016-04-01,VIDEODISC,157255
2016-04-01,VIDEOREC,7
2016-04-01,VISUAL,488
2016-03-01,ATLAS,57
2016-03-01,AUDIOBOOK,46485
2016-03-01,BOOK,331082
2016-03-01,CR,408
2016-03-01,EBOOK,118479
2016-03-01,ER,198
2016-03-01,"ER, NONPROJGRAPH",2
2016-03-01,"ER, PRINT",3
2016-03-01,"ER, REGPRINT",1
2016-03-01,"ER, SOUNDDISC",132
2016-03-01,"ER, VIDEODISC",119
2016-03-01,"FLASHCARD, SOUNDDISC",9
2016-03-01,GLOBE,7
2016-03-01,KIT,4
2016-03-01,LARGEPRINT,34
2016-03-01,MAP,29
2016-03-01,MIXED,890
2016-03-01,MOVIE,4005
2016-03-01,MUSIC,4161
2016-03-01,MUSICSNDREC,7
2016-03-01,NOTATEDMUSIC,1
2016-03-01,REGPRINT,449
2016-03-01,"REGPRINT, SOUNDDISC",2
2016-03-01,"REGPRINT, VIDEOREC",10
2016-03-01,SOUNDCASS,20
2016-03-01,SOUNDDISC,62487
2016-03-01,"SOUNDDISC, SOUNDREC",2
2016-03-01,"SOUNDDISC, VIDEODISC",706
2016-03-01,SOUNDREC,388
2016-03-01,TELEVISION,1500
2016-03-01,VIDEO,163
2016-03-01,VIDEOCART,11
2016-03-01,VIDEOCASS,48
2016-03-01,"VIDEOCASS, VIDEODISC",7
2016-03-01,VIDEODISC,172437
2016-03-01,VIDEOREC,10
2016-03-01,VISUAL,509
2016-02-01,ATLAS,48
2016-02-01,AUDIOBOOK,43337
2016-02-01,BOOK,308049
2016-02-01,CR,422
2016-02-01,EBOOK,110553
2016-02-01,ER,232
2016-02-01,"ER, NONPROJGRAPH",2
2016-02-01,"ER, PRINT",1
2016-02-01,"ER, REGPRINT",1
2016-02-01,"ER, SOUNDDISC",146
2016-02-01,"ER, VIDEODISC",144
2016-02-01,"ER, VIDEOREC",2
2016-02-01,"FLASHCARD, SOUNDDISC",10
2016-02-01,GLOBE,4
2016-02-01,KIT,4
2016-02-01,LARGEPRINT,28
2016-02-01,MAP,33
2016-02-01,MIXED,834
2016-02-01,MOVIE,3994
2016-02-01,MUSIC,4029
2016-02-01,MUSICSNDREC,13
2016-02-01,REGPRINT,340
2016-02-01,"REGPRINT, SOUNDDISC",10
2016-02-01,"REGPRINT, VIDEOREC",8
2016-02-01,SOUNDCASS,17
2016-02-01,"SOUNDCASS, SOUNDDISC",1
2016-02-01,SOUNDDISC,57116
2016-02-01,"SOUNDDISC, SOUNDREC",2
2016-02-01,"SOUNDDISC, VIDEODISC",662
2016-02-01,SOUNDREC,397
2016-02-01,TELEVISION,1435
2016-02-01,VIDEO,172
2016-02-01,VIDEOCART,8
2016-02-01,VIDEOCASS,46
2016-02-01,"VIDEOCASS, VIDEODISC",4
2016-02-01,VIDEODISC,159565
2016-02-01,VIDEOREC,3
2016-02-01,VISUAL,487
2016-01-01,ATLAS,40
2016-01-01,AUDIOBOOK,44785
2016-01-01,BOOK,335890
2016-01-01,CR,461
2016-01-01,EBOOK,120286
2016-01-01,ER,233
2016-01-01,"ER, NONPROJGRAPH",6
2016-01-01,"ER, PRINT",2
2016-01-01,"ER, REGPRINT",1
2016-01-01,"ER, SOUNDDISC",161
2016-01-01,"ER, VIDEODISC",129
2016-01-01,"FLASHCARD, SOUNDDISC",8
2016-01-01,GLOBE,7
2016-01-01,KIT,1
2016-01-01,LARGEPRINT,31
2016-01-01,MAP,34
2016-01-01,MIXED,580
2016-01-01,MOVIE,3857
2016-01-01,MUSIC,4618
2016-01-01,MUSICSNDREC,8
2016-01-01,"PICTURE, VIDEODISC",1
2016-01-01,REGPRINT,365
2016-01-01,"REGPRINT, SOUNDDISC",10
2016-01-01,"REGPRINT, VIDEOREC",5
2016-01-01,"SLIDE, VIDEOCASS",1
2016-01-01,SOUNDCASS,24
2016-01-01,SOUNDDISC,63985
2016-01-01,"SOUNDDISC, SOUNDREC",3
2016-01-01,"SOUNDDISC, VIDEOCASS",1
2016-01-01,"SOUNDDISC, VIDEODISC",762
2016-01-01,SOUNDREC,404
2016-01-01,TELEVISION,1575
2016-01-01,VIDEO,205
2016-01-01,VIDEOCART,12
2016-01-01,VIDEOCASS,60
2016-01-01,"VIDEOCASS, VIDEODISC",7
2016-01-01,VIDEODISC,172252
2016-01-01,VIDEOREC,9
2016-01-01,VISUAL,475
2015-12-01,ATLAS,40
2015-12-01,AUDIOBOOK,41818
2015-12-01,BOOK,287474
2015-12-01,COMPFILE,2
2015-12-01,CR,367
2015-12-01,EBOOK,116458
2015-12-01,ER,186
2015-12-01,"ER, NONPROJGRAPH",1
2015-12-01,"ER, PRINT",2
2015-12-01,"ER, REGPRINT",1
2015-12-01,"ER, SOUNDDISC",142
2015-12-01,"ER, VIDEODISC",130
2015-12-01,FLASHCARD,1
2015-12-01,"FLASHCARD, SOUNDDISC",7
2015-12-01,GLOBE,10
2015-12-01,KIT,4
2015-12-01,LARGEPRINT,32
2015-12-01,MAP,35
2015-12-01,MICROFORM,1
2015-12-01,MIXED,465
2015-12-01,MOVIE,4350
2015-12-01,MUSIC,4992
2015-12-01,MUSICSNDREC,8
2015-12-01,NOTATEDMUSIC,1
2015-12-01,REGPRINT,359
2015-12-01,"REGPRINT, SOUNDDISC",3
2015-12-01,"REGPRINT, VIDEOREC",3
2015-12-01,SOUNDCASS,12
2015-12-01,"SOUNDCASS, SOUNDDISC, VIDEOCASS, VIDEODISC",3
2015-12-01,SOUNDDISC,59422
2015-12-01,"SOUNDDISC, SOUNDREC",6
2015-12-01,"SOUNDDISC, VIDEOCASS",1
2015-12-01,"SOUNDDISC, VIDEODISC",718
2015-12-01,SOUNDREC,350
2015-12-01,TELEVISION,1397
2015-12-01,VIDEO,143
2015-12-01,VIDEOCART,15
2015-12-01,VIDEOCASS,43
2015-12-01,"VIDEOCASS, VIDEODISC",11
2015-12-01,VIDEODISC,168476
2015-12-01,VIDEOREC,5
2015-12-01,VISUAL,470
2015-11-01,ATLAS,50
2015-11-01,AUDIOBOOK,40702
2015-11-01,BOOK,323089
2015-11-01,CR,454
2015-11-01,EBOOK,110825
2015-11-01,ER,207
2015-11-01,"ER, NONPROJGRAPH",6
2015-11-01,"ER, PRINT",3
2015-11-01,"ER, REGPRINT",1
2015-11-01,"ER, SOUNDDISC",137
2015-11-01,"ER, VIDEODISC",114
2015-11-01,"FLASHCARD, SOUNDDISC",10
2015-11-01,GLOBE,7
2015-11-01,KIT,5
2015-11-01,LARGEPRINT,31
2015-11-01,MAP,36
2015-11-01,MIXED,401
2015-11-01,MOVIE,3698
2015-11-01,MUSIC,4332
2015-11-01,MUSICSNDREC,8
2015-11-01,NOTATEDMUSIC,1
2015-11-01,REGPRINT,356
2015-11-01,"REGPRINT, SOUNDDISC",8
2015-11-01,"REGPRINT, VIDEOREC",8
2015-11-01,SOUNDCASS,19
2015-11-01,SOUNDDISC,60983
2015-11-01,"SOUNDDISC, SOUNDREC",2
2015-11-01,"SOUNDDISC, VIDEODISC",784
2015-11-01,SOUNDREC,357
2015-11-01,TELEVISION,1279
2015-11-01,VIDEO,196
2015-11-01,VIDEOCART,15
2015-11-01,VIDEOCASS,43
2015-11-01,"VIDEOCASS, VIDEODISC",13
2015-11-01,VIDEODISC,163755
2015-11-01,VIDEOREC,9
2015-11-01,VISUAL,483
2015-10-01,ATLAS,53
2015-10-01,AUDIOBOOK,41675
2015-10-01,BOOK,336223
2015-10-01,CR,487
2015-10-01,EBOOK,111479
2015-10-01,ER,205
2015-10-01,"ER, NONPROJGRAPH",7
2015-10-01,"ER, PRINT",3
2015-10-01,"ER, REGPRINT",2
2015-10-01,"ER, SOUNDDISC",158
2015-10-01,"ER, VIDEODISC",99
2015-10-01,"ER, VIDEOREC",1
2015-10-01,"FLASHCARD, SOUNDDISC",11
2015-10-01,GLOBE,9
2015-10-01,KIT,8
2015-10-01,LARGEPRINT,38
2015-10-01,MAP,23
2015-10-01,MIXED,434
2015-10-01,MOVIE,3537
2015-10-01,MUSIC,4225
2015-10-01,MUSICSNDREC,5
2015-10-01,NOTATEDMUSIC,1
2015-10-01,REGPRINT,341
2015-10-01,"REGPRINT, SOUNDDISC",3
2015-10-01,"REGPRINT, VIDEOREC",9
2015-10-01,SOUNDCASS,20
2015-10-01,"SOUNDCASS, SOUNDDISC, VIDEOCASS, VIDEODISC",1
2015-10-01,SOUNDDISC,64524
2015-10-01,"SOUNDDISC, SOUNDREC",2
2015-10-01,"SOUNDDISC, VIDEOCASS",2
2015-10-01,"SOUNDDISC, VIDEODISC",863
2015-10-01,SOUNDREC,421
2015-10-01,TELEVISION,1321
2015-10-01,VIDEO,182
2015-10-01,VIDEOCART,10
2015-10-01,VIDEOCASS,51
2015-10-01,"VIDEOCASS, VIDEODISC",9
2015-10-01,VIDEODISC,166615
2015-10-01,VIDEOREC,7
2015-10-01,VISUAL,480
2015-09-01,ATLAS,46
2015-09-01,AUDIOBOOK,40940
2015-09-01,BOOK,339669
2015-09-01,CR,490
2015-09-01,EBOOK,112674
2015-09-01,ER,227
2015-09-01,"ER, NONPROJGRAPH",6
2015-09-01,"ER, PRINT",5
2015-09-01,"ER, REGPRINT",2
2015-09-01,"ER, SOUNDDISC",152
2015-09-01,"ER, VIDEODISC",126
2015-09-01,"ER, VIDEOREC",1
2015-09-01,"FLASHCARD, SOUNDDISC",13
2015-09-01,GLOBE,12
2015-09-01,KIT,6
2015-09-01,LARGEPRINT,35
2015-09-01,MAP,32
2015-09-01,MIXED,375
2015-09-01,MOVIE,3474
2015-09-01,MUSIC,3886
2015-09-01,MUSICSNDREC,8
2015-09-01,NOTATEDMUSIC,2
2015-09-01,REGPRINT,320
2015-09-01,"REGPRINT, SOUNDDISC",6
2015-09-01,"REGPRINT, VIDEOREC",3
2015-09-01,"SLIDE, SOUNDCASS",1
2015-09-01,SOUNDCASS,23
2015-09-01,"SOUNDCASS, SOUNDDISC, VIDEOCASS, VIDEODISC",3
2015-09-01,SOUNDDISC,63720
2015-09-01,"SOUNDDISC, SOUNDREC",2
2015-09-01,"SOUNDDISC, VIDEOCASS",1
2015-09-01,"SOUNDDISC, VIDEODISC",860
2015-09-01,SOUNDREC,422
2015-09-01,TELEVISION,1214
2015-09-01,VIDEO,242
2015-09-01,VIDEOCART,11
2015-09-01,VIDEOCASS,49
2015-09-01,"VIDEOCASS, VIDEODISC",5
2015-09-01,VIDEODISC,163522
2015-09-01,VIDEOREC,9
2015-09-01,VISUAL,486
2015-08-01,ATLAS,34
2015-08-01,AUDIOBOOK,42744
2015-08-01,BOOK,354284
2015-08-01,CR,477
2015-08-01,EBOOK,120065
2015-08-01,ER,252
2015-08-01,"ER, MAP",1
2015-08-01,"ER, NONPROJGRAPH",4
2015-08-01,"ER, PRINT",3
2015-08-01,"ER, REGPRINT",1
2015-08-01,"ER, SOUNDDISC",169
2015-08-01,"ER, VIDEODISC",117
2015-08-01,"ER, VIDEOREC",1
2015-08-01,"FLASHCARD, SOUNDDISC",14
2015-08-01,GLOBE,7
2015-08-01,KIT,7
2015-08-01,LARGEPRINT,43
2015-08-01,MAP,30
2015-08-01,MICROFORM,3
2015-08-01,MIXED,391
2015-08-01,MOVIE,3662
2015-08-01,MUSIC,4085
2015-08-01,MUSICSNDREC,7
2015-08-01,NOTATEDMUSIC,2
2015-08-01,REGPRINT,310
2015-08-01,"REGPRINT, SOUNDDISC",5
2015-08-01,"REGPRINT, VIDEOREC",7
2015-08-01,"SLIDE, VIDEOCASS",1
2015-08-01,SOUNDCASS,21
2015-08-01,"SOUNDCASS, SOUNDDISC",1
2015-08-01,SOUNDDISC,65981
2015-08-01,"SOUNDDISC, SOUNDREC",2
2015-08-01,"SOUNDDISC, VIDEOCASS",1
2015-08-01,"SOUNDDISC, VIDEODISC",876
2015-08-01,SOUNDREC,481
2015-08-01,TELEVISION,1264
2015-08-01,VIDEO,195
2015-08-01,VIDEOCART,20
2015-08-01,VIDEOCASS,62
2015-08-01,"VIDEOCASS, VIDEODISC",11
2015-08-01,VIDEODISC,174403
2015-08-01,VIDEOREC,11
2015-08-01,VISUAL,509
2015-07-01,ATLAS,41
2015-07-01,AUDIOBOOK,41564
2015-07-01,BOOK,357568
2015-07-01,CR,447
2015-07-01,EBOOK,119064
2015-07-01,ER,281
2015-07-01,"ER, NONPROJGRAPH",6
2015-07-01,"ER, PRINT",3
2015-07-01,"ER, SOUNDDISC",196
2015-07-01,"ER, VIDEODISC",149
2015-07-01,"FLASHCARD, SOUNDDISC",15
2015-07-01,GLOBE,5
2015-07-01,KIT,12
2015-07-01,LARGEPRINT,53
2015-07-01,MAP,27
2015-07-01,MICROFORM,2
2015-07-01,MIXED,378
2015-07-01,MOVIE,3812
2015-07-01,MUSIC,3969
2015-07-01,MUSICSNDREC,8
2015-07-01,NOTATEDMUSIC,1
2015-07-01,"PICTURE, VIDEODISC",1
2015-07-01,REGPRINT,287
2015-07-01,"REGPRINT, SOUNDDISC",7
2015-07-01,"REGPRINT, VIDEOREC",8
2015-07-01,SOUNDCASS,16
2015-07-01,"SOUNDCASS, SOUNDDISC, VIDEOCASS, VIDEODISC",3
2015-07-01,SOUNDDISC,66620
2015-07-01,"SOUNDDISC, VIDEOCASS",2
2015-07-01,"SOUNDDISC, VIDEODISC",844
2015-07-01,SOUNDREC,459
2015-07-01,TELEVISION,1192
2015-07-01,VIDEO,211
2015-07-01,VIDEOCART,14
2015-07-01,VIDEOCASS,60
2015-07-01,"VIDEOCASS, VIDEODISC",6
2015-07-01,VIDEODISC,171549
2015-07-01,VIDEOREC,12
2015-07-01,VISUAL,543
2015-06-01,ATLAS,41
2015-06-01,AUDIOBOOK,38535
2015-06-01,BOOK,290622
2015-06-01,CR,371
2015-06-01,EBOOK,108668
2015-06-01,ER,234
2015-06-01,"ER, NONPROJGRAPH",5
2015-06-01,"ER, PICTURE",1
2015-06-01,"ER, PRINT",4
2015-06-01,"ER, SOUNDDISC",128
2015-06-01,"ER, VIDEODISC",119
2015-06-01,"ER, VIDEOREC",1
2015-06-01,"FLASHCARD, SOUNDDISC",16
2015-06-01,GLOBE,4
2015-06-01,KIT,3
2015-06-01,LARGEPRINT,30
2015-06-01,MAP,31
2015-06-01,MICROFORM,2
2015-06-01,MIXED,187
2015-06-01,MOVIE,3373
2015-06-01,MUSIC,3849
2015-06-01,MUSICSNDREC,4
2015-06-01,REGPRINT,220
2015-06-01,"REGPRINT, VIDEOREC",5
2015-06-01,SOUNDCASS,20
2015-06-01,SOUNDDISC,57433
2015-06-01,"SOUNDDISC, SOUNDREC",3
2015-06-01,"SOUNDDISC, VIDEOCASS",1
2015-06-01,"SOUNDDISC, VIDEODISC",713
2015-06-01,SOUNDREC,378
2015-06-01,TELEVISION,1135
2015-06-01,VIDEO,221
2015-06-01,VIDEOCART,16
2015-06-01,VIDEOCASS,52
2015-06-01,"VIDEOCASS, VIDEODISC",9
2015-06-01,VIDEODISC,141486
2015-06-01,VIDEOREC,6
2015-06-01,VISUAL,446
2015-05-01,ATLAS,44
2015-05-01,AUDIOBOOK,38434
2015-05-01,BOOK,315522
2015-05-01,CR,413
2015-05-01,EBOOK,106853
2015-05-01,ER,277
2015-05-01,"ER, NONPROJGRAPH",3
2015-05-01,"ER, PRINT",2
2015-05-01,"ER, SOUNDDISC",160
2015-05-01,"ER, VIDEODISC",128
2015-05-01,"ER, VIDEOREC",2
2015-05-01,"FLASHCARD, SOUNDDISC",10
2015-05-01,GLOBE,7
2015-05-01,KIT,1
2015-05-01,LARGEPRINT,2
2015-05-01,MAP,25
2015-05-01,MIXED,201
2015-05-01,MOVIE,3710
2015-05-01,MUSIC,4473
2015-05-01,MUSICSNDREC,3
2015-05-01,REGPRINT,191
2015-05-01,"REGPRINT, VIDEOREC",5
2015-05-01,SOUNDCASS,18
2015-05-01,"SOUNDCASS, SOUNDDISC, VIDEOCASS, VIDEODISC",1
2015-05-01,SOUNDDISC,65839
2015-05-01,"SOUNDDISC, SOUNDREC",2
2015-05-01,"SOUNDDISC, VIDEOCASS",2
2015-05-01,"SOUNDDISC, VIDEODISC",845
2015-05-01,SOUNDREC,410
2015-05-01,TELEVISION,1209
2015-05-01,VIDEO,385
2015-05-01,VIDEOCART,10
2015-05-01,VIDEOCASS,60
2015-05-01,"VIDEOCASS, VIDEODISC",13
2015-05-01,VIDEODISC,168105
2015-05-01,VIDEOREC,9
2015-05-01,VISUAL,545
2015-04-01,ATLAS,46
2015-04-01,AUDIOBOOK,36572
2015-04-01,BOOK,329260
2015-04-01,COMPFILE,1
2015-04-01,CR,555
2015-04-01,EBOOK,105243
2015-04-01,ER,302
2015-04-01,"ER, NONPROJGRAPH",1
2015-04-01,"ER, PRINT",6
2015-04-01,"ER, SOUNDDISC",148
2015-04-01,"ER, VIDEODISC",154
2015-04-01,"FLASHCARD, SOUNDDISC",14
2015-04-01,GLOBE,11
2015-04-01,KIT,5
2015-04-01,MAP,34
2015-04-01,MIXED,90
2015-04-01,MOVIE,3408
2015-04-01,MUSIC,4187
2015-04-01,MUSICSNDREC,5
2015-04-01,NOTATEDMUSIC,3
2015-04-01,REGPRINT,182
2015-04-01,"REGPRINT, VIDEOREC",12
2015-04-01,SOUNDCASS,22
2015-04-01,"SOUNDCASS, SOUNDDISC, VIDEOCASS, VIDEODISC",1
2015-04-01,SOUNDDISC,68331
2015-04-01,"SOUNDDISC, SOUNDREC",4
2015-04-01,"SOUNDDISC, VIDEOCASS",1
2015-04-01,"SOUNDDISC, VIDEODISC",979
2015-04-01,SOUNDREC,476
2015-04-01,TELEVISION,1292
2015-04-01,VIDEO,366
2015-04-01,VIDEOCART,15
2015-04-01,VIDEOCASS,58
2015-04-01,"VIDEOCASS, VIDEODISC",11
2015-04-01,VIDEODISC,176936
2015-04-01,VIDEOREC,10
2015-04-01,VISUAL,597
2015-03-01,ATLAS,73
2015-03-01,AUDIOBOOK,37135
2015-03-01,BOOK,350381
2015-03-01,CR,570
2015-03-01,EBOOK,109775
2015-03-01,ER,296
2015-03-01,"ER, NONPROJGRAPH",4
2015-03-01,"ER, PRINT",4
2015-03-01,"ER, SOUNDDISC",161
2015-03-01,"ER, VIDEODISC",165
2015-03-01,"ER, VIDEOREC",3
2015-03-01,"FLASHCARD, SOUNDDISC",15
2015-03-01,GLOBE,10
2015-03-01,KIT,4
2015-03-01,LARGEPRINT,1
2015-03-01,MAP,33
2015-03-01,MIXED,62
2015-03-01,MOVIE,3659
2015-03-01,MUSIC,4558
2015-03-01,MUSICSNDREC,6
2015-03-01,REGPRINT,189
2015-03-01,"REGPRINT, VIDEOREC",1
2015-03-01,SLIDE,1
2015-03-01,SOUNDCASS,32
2015-03-01,"SOUNDCASS, SOUNDDISC, VIDEOCASS, VIDEODISC",1
2015-03-01,SOUNDDISC,73813
2015-03-01,"SOUNDDISC, SOUNDREC",3
2015-03-01,"SOUNDDISC, VIDEOCASS",1
2015-03-01,"SOUNDDISC, VIDEODISC",1045
2015-03-01,SOUNDREC,472
2015-03-01,TELEVISION,1204
2015-03-01,VIDEO,431
2015-03-01,VIDEOCART,12
2015-03-01,VIDEOCASS,66
2015-03-01,"VIDEOCASS, VIDEODISC",11
2015-03-01,VIDEODISC,189078
2015-03-01,VIDEOREC,11
2015-03-01,VISUAL,631
2015-02-01,ATLAS,36
2015-02-01,AUDIOBOOK,33234
2015-02-01,BOOK,305869
2015-02-01,CR,481
2015-02-01,EBOOK,99085
2015-02-01,ER,207
2015-02-01,"ER, NONPROJGRAPH",5
2015-02-01,"ER, PRINT",2
2015-02-01,"ER, SOUNDDISC",134
2015-02-01,"ER, VIDEODISC",178
2015-02-01,"ER, VIDEOREC",2
2015-02-01,"FLASHCARD, SOUNDDISC",14
2015-02-01,GLOBE,9
2015-02-01,KIT,3
2015-02-01,LARGEPRINT,1
2015-02-01,MAP,24
2015-02-01,MICROFORM,1
2015-02-01,MIXED,57
2015-02-01,MOVIE,3726
2015-02-01,MUSIC,4330
2015-02-01,MUSICSNDREC,5
2015-02-01,NOTATEDMUSIC,1
2015-02-01,REGPRINT,143
2015-02-01,"SLIDE, SOUNDCASS",1
2015-02-01,SOUNDCASS,20
2015-02-01,"SOUNDCASS, SOUNDDISC, VIDEOCASS, VIDEODISC",1
2015-02-01,SOUNDDISC,67192
2015-02-01,"SOUNDDISC, SOUNDREC",1
2015-02-01,"SOUNDDISC, VIDEOCASS",2
2015-02-01,"SOUNDDISC, VIDEODISC",944
2015-02-01,SOUNDREC,416
2015-02-01,TELEVISION,1160
2015-02-01,VIDEO,468
2015-02-01,VIDEOCART,14
2015-02-01,VIDEOCASS,59
2015-02-01,"VIDEOCASS, VIDEODISC",6
2015-02-01,VIDEODISC,169103
2015-02-01,VIDEOREC,6
2015-02-01,VISUAL,611
2015-01-01,ATLAS,60
2015-01-01,AUDIOBOOK,34922
2015-01-01,BOOK,341351
2015-01-01,CR,650
2015-01-01,EBOOK,109199
2015-01-01,ER,267
2015-01-01,"ER, NONPROJGRAPH",6
2015-01-01,"ER, SOUNDDISC",174
2015-01-01,"ER, VIDEODISC",164
2015-01-01,"ER, VIDEOREC",2
2015-01-01,"FLASHCARD, SOUNDDISC",13
2015-01-01,GLOBE,10
2015-01-01,KIT,6
2015-01-01,MAP,29
2015-01-01,MIXED,95
2015-01-01,MOVIE,4167
2015-01-01,MUSIC,4085
2015-01-01,MUSICSNDREC,5
2015-01-01,PRINT,1
2015-01-01,REGPRINT,186
2015-01-01,SLIDE,1
2015-01-01,SOUNDCASS,23
2015-01-01,"SOUNDCASS, SOUNDDISC",2
2015-01-01,"SOUNDCASS, VIDEOCASS",1
2015-01-01,SOUNDDISC,73227
2015-01-01,"SOUNDDISC, SOUNDREC",2
2015-01-01,"SOUNDDISC, VIDEODISC",996
2015-01-01,SOUNDREC,435
2015-01-01,TELEVISION,1472
2015-01-01,VIDEO,191
2015-01-01,VIDEOCART,14
2015-01-01,VIDEOCASS,52
2015-01-01,"VIDEOCASS, VIDEODISC",14
2015-01-01,VIDEODISC,187576
2015-01-01,VIDEOREC,11
2015-01-01,VISUAL,598
