"month","subject","checkouts"
2021-12-01,literature,73889
2021-12-01,romance,41557
2021-12-01,thriller,39643
2021-12-01,fantasy,39355
2021-12-01,mystery,39276
2021-12-01,historical fiction,33739
2021-12-01,juvenile fiction,30698
2021-12-01,suspense,25089
2021-12-01,humor (fiction),21872
2021-12-01,juvenile literature,21600
2021-12-01,science fiction,18346
2021-12-01,graphic novels,16461
2021-12-01,young adult fiction,15070
2021-12-01,picture books,13896
2021-12-01,cartoons and comics,9323
2021-12-01,young adult literature,9264
2021-12-01,classic literature,7686
2021-12-01,lgbtqia+ (fiction),6067
2021-12-01,humorous stories,5966
2021-12-01,historical fiction,5691
2021-12-01,short stories,5445
2021-12-01,stories in rhyme,4288
2021-12-01,science fiction,3590
2021-12-01,domestic fiction,3535
2021-12-01,horror,3256
2021-12-01,humorous fiction,3197
2021-12-01,fantasy comics,2930
2021-12-01,psychological fiction,2783
2021-12-01,short stories,2319
2021-12-01,love stories,2226
2021-12-01,adventure and adventurers fiction,2126
2021-12-01,young adult fiction,1972
2021-12-01,adventure stories,1693
2021-12-01,western,1436
2021-12-01,erotic literature,1428
2021-12-01,science fiction & fantasy,1352
2021-12-01,paranormal fiction,1321
2021-12-01,christian fiction,852
2021-12-01,christian fiction,225
2021-11-01,literature,68291
2021-11-01,thriller,39492
2021-11-01,romance,38457
2021-11-01,fantasy,37767
2021-11-01,mystery,37358
2021-11-01,historical fiction,32321
2021-11-01,juvenile fiction,31149
2021-11-01,suspense,25722
2021-11-01,juvenile literature,21741
2021-11-01,graphic novels,21171
2021-11-01,humor (fiction),20065
2021-11-01,picture books,19471
2021-11-01,science fiction,16579
2021-11-01,young adult fiction,14413
2021-11-01,cartoons and comics,12092
2021-11-01,young adult literature,8797
2021-11-01,humorous stories,8158
2021-11-01,classic literature,7367
2021-11-01,historical fiction,6277
2021-11-01,stories in rhyme,6236
2021-11-01,lgbtqia+ (fiction),5716
2021-11-01,short stories,5107
2021-11-01,domestic fiction,4640
2021-11-01,science fiction,4264
2021-11-01,humorous fiction,4106
2021-11-01,horror,3723
2021-11-01,fantasy comics,3600
2021-11-01,psychological fiction,3359
2021-11-01,adventure and adventurers fiction,3040
2021-11-01,short stories,2580
2021-11-01,love stories,2388
2021-11-01,adventure stories,2358
2021-11-01,young adult fiction,2262
2021-11-01,western,1501
2021-11-01,paranormal fiction,1369
2021-11-01,science fiction & fantasy,1333
2021-11-01,erotic literature,1211
2021-11-01,christian fiction,856
2021-11-01,christian fiction,271
2021-10-01,literature,67628
2021-10-01,thriller,39380
2021-10-01,romance,38722
2021-10-01,mystery,37342
2021-10-01,fantasy,37146
2021-10-01,historical fiction,31396
2021-10-01,juvenile fiction,28143
2021-10-01,suspense,25290
2021-10-01,graphic novels,20589
2021-10-01,juvenile literature,19404
2021-10-01,humor (fiction),19226
2021-10-01,picture books,18976
2021-10-01,science fiction,16952
2021-10-01,young adult fiction,14799
2021-10-01,cartoons and comics,11646
2021-10-01,humorous stories,8562
2021-10-01,young adult literature,8459
2021-10-01,classic literature,7377
2021-10-01,historical fiction,6421
2021-10-01,stories in rhyme,6125
2021-10-01,lgbtqia+ (fiction),5453
2021-10-01,short stories,5022
2021-10-01,horror,4274
2021-10-01,domestic fiction,4227
2021-10-01,science fiction,4169
2021-10-01,humorous fiction,4137
2021-10-01,fantasy comics,3555
2021-10-01,psychological fiction,3227
2021-10-01,adventure and adventurers fiction,2748
2021-10-01,short stories,2677
2021-10-01,young adult fiction,2298
2021-10-01,adventure stories,2295
2021-10-01,love stories,2250
2021-10-01,western,1538
2021-10-01,science fiction & fantasy,1333
2021-10-01,erotic literature,1200
2021-10-01,paranormal fiction,1159
2021-10-01,christian fiction,873
2021-10-01,christian fiction,264
2021-09-01,literature,66446
2021-09-01,romance,37710
2021-09-01,thriller,37275
2021-09-01,mystery,36195
2021-09-01,fantasy,34357
2021-09-01,historical fiction,30934
2021-09-01,juvenile fiction,27062
2021-09-01,suspense,24729
2021-09-01,graphic novels,20951
2021-09-01,humor (fiction),18751
2021-09-01,picture books,17835
2021-09-01,juvenile literature,17516
2021-09-01,science fiction,15872
2021-09-01,young adult fiction,14222
2021-09-01,cartoons and comics,11077
2021-09-01,young adult literature,8181
2021-09-01,humorous stories,8015
2021-09-01,historical fiction,6855
2021-09-01,classic literature,6421
2021-09-01,stories in rhyme,5613
2021-09-01,lgbtqia+ (fiction),5611
2021-09-01,short stories,4900
2021-09-01,domestic fiction,4203
2021-09-01,science fiction,3950
2021-09-01,psychological fiction,3924
2021-09-01,fantasy comics,3891
2021-09-01,humorous fiction,3869
2021-09-01,horror,3121
2021-09-01,adventure and adventurers fiction,2875
2021-09-01,short stories,2667
2021-09-01,young adult fiction,2510
2021-09-01,adventure stories,2256
2021-09-01,love stories,2083
2021-09-01,western,1634
2021-09-01,erotic literature,1421
2021-09-01,science fiction & fantasy,1160
2021-09-01,paranormal fiction,1083
2021-09-01,christian fiction,769
2021-09-01,christian fiction,243
2021-08-01,literature,69437
2021-08-01,thriller,40731
2021-08-01,romance,40094
2021-08-01,mystery,39271
2021-08-01,fantasy,38663
2021-08-01,historical fiction,33132
2021-08-01,juvenile fiction,31404
2021-08-01,suspense,26737
2021-08-01,graphic novels,22590
2021-08-01,humor (fiction),20003
2021-08-01,juvenile literature,19641
2021-08-01,science fiction,17576
2021-08-01,picture books,16156
2021-08-01,young adult fiction,15618
2021-08-01,cartoons and comics,12092
2021-08-01,young adult literature,8791
2021-08-01,humorous stories,7567
2021-08-01,historical fiction,7053
2021-08-01,classic literature,6850
2021-08-01,lgbtqia+ (fiction),5803
2021-08-01,short stories,5224
2021-08-01,stories in rhyme,5085
2021-08-01,domestic fiction,4167
2021-08-01,science fiction,4138
2021-08-01,fantasy comics,3950
2021-08-01,humorous fiction,3911
2021-08-01,psychological fiction,3686
2021-08-01,horror,3238
2021-08-01,adventure and adventurers fiction,2992
2021-08-01,young adult fiction,2857
2021-08-01,short stories,2646
2021-08-01,adventure stories,2501
2021-08-01,love stories,1956
2021-08-01,western,1654
2021-08-01,erotic literature,1529
2021-08-01,science fiction & fantasy,1215
2021-08-01,paranormal fiction,1122
2021-08-01,christian fiction,865
2021-08-01,christian fiction,268
2021-07-01,literature,65959
2021-07-01,mystery,39527
2021-07-01,romance,39437
2021-07-01,thriller,38450
2021-07-01,fantasy,36722
2021-07-01,historical fiction,31949
2021-07-01,juvenile fiction,31515
2021-07-01,suspense,25779
2021-07-01,graphic novels,21509
2021-07-01,humor (fiction),18963
2021-07-01,juvenile literature,17629
2021-07-01,science fiction,16825
2021-07-01,young adult fiction,16243
2021-07-01,picture books,14645
2021-07-01,cartoons and comics,11471
2021-07-01,young adult literature,8765
2021-07-01,humorous stories,7914
2021-07-01,historical fiction,7176
2021-07-01,classic literature,6005
2021-07-01,short stories,4963
2021-07-01,domestic fiction,4508
2021-07-01,stories in rhyme,4500
2021-07-01,humorous fiction,3895
2021-07-01,science fiction,3895
2021-07-01,fantasy comics,3866
2021-07-01,psychological fiction,3185
2021-07-01,adventure and adventurers fiction,3120
2021-07-01,young adult fiction,2994
2021-07-01,horror,2851
2021-07-01,adventure stories,2503
2021-07-01,short stories,2312
2021-07-01,love stories,1987
2021-07-01,erotic literature,1652
2021-07-01,western,1452
2021-07-01,science fiction & fantasy,1086
2021-07-01,paranormal fiction,1075
2021-07-01,christian fiction,901
2021-07-01,christian fiction,241
2021-06-01,literature,12415
2021-06-01,romance,8126
2021-06-01,fantasy,7472
2021-06-01,mystery,7440
2021-06-01,thriller,7112
2021-06-01,juvenile fiction,6123
2021-06-01,historical fiction,5795
2021-06-01,suspense,4825
2021-06-01,graphic novels,3897
2021-06-01,humor (fiction),3541
2021-06-01,juvenile literature,3407
2021-06-01,science fiction,3190
2021-06-01,young adult fiction,3041
2021-06-01,picture books,2381
2021-06-01,cartoons and comics,2122
2021-06-01,young adult literature,1582
2021-06-01,humorous stories,1086
2021-06-01,classic literature,1051
2021-06-01,historical fiction,936
2021-06-01,short stories,928
2021-06-01,science fiction,909
2021-06-01,short stories,867
2021-06-01,stories in rhyme,713
2021-06-01,fantasy comics,642
2021-06-01,adventure and adventurers fiction,591
2021-06-01,domestic fiction,519
2021-06-01,psychological fiction,507
2021-06-01,humorous fiction,479
2021-06-01,love stories,469
2021-06-01,horror,466
2021-06-01,young adult fiction,456
2021-06-01,erotic literature,385
2021-06-01,adventure stories,333
2021-06-01,science fiction & fantasy,217
2021-06-01,western,199
2021-06-01,paranormal fiction,188
2021-06-01,christian fiction,167
2021-05-01,literature,8826
2021-05-01,romance,4835
2021-05-01,thriller,4642
2021-05-01,mystery,4332
2021-05-01,fantasy,4226
2021-05-01,juvenile fiction,4142
2021-05-01,historical fiction,3593
2021-05-01,suspense,2710
2021-05-01,juvenile literature,2097
2021-05-01,humor (fiction),2027
2021-05-01,young adult fiction,2011
2021-05-01,science fiction,1779
2021-05-01,graphic novels,1472
2021-05-01,picture books,1348
2021-05-01,young adult literature,1320
2021-05-01,classic literature,845
2021-05-01,historical fiction,822
2021-05-01,cartoons and comics,791
2021-05-01,short stories,712
2021-05-01,domestic fiction,639
2021-05-01,science fiction,579
2021-05-01,short stories,514
2021-05-01,humorous stories,501
2021-05-01,horror,384
2021-05-01,stories in rhyme,319
2021-05-01,humorous fiction,300
2021-05-01,western,293
2021-05-01,fantasy comics,217
2021-05-01,adventure and adventurers fiction,179
2021-05-01,adventure stories,173
2021-05-01,young adult fiction,165
2021-05-01,erotic literature,156
2021-05-01,psychological fiction,129
2021-04-01,literature,31757
2021-04-01,romance,18369
2021-04-01,fantasy,17618
2021-04-01,juvenile fiction,17418
2021-04-01,mystery,17029
2021-04-01,thriller,15571
2021-04-01,historical fiction,15277
2021-04-01,suspense,10169
2021-04-01,juvenile literature,9815
2021-04-01,humor (fiction),8771
2021-04-01,young adult fiction,8321
2021-04-01,science fiction,7866
2021-04-01,graphic novels,4909
2021-04-01,picture books,4680
2021-04-01,young adult literature,4542
2021-04-01,classic literature,3217
2021-04-01,short stories,2502
2021-04-01,cartoons and comics,2437
2021-04-01,humorous stories,2052
2021-04-01,historical fiction,1846
2021-04-01,stories in rhyme,1513
2021-04-01,horror,1310
2021-04-01,domestic fiction,1182
2021-04-01,science fiction,1154
2021-04-01,psychological fiction,1104
2021-04-01,humorous fiction,997
2021-04-01,short stories,951
2021-04-01,fantasy comics,922
2021-04-01,young adult fiction,914
2021-04-01,adventure and adventurers fiction,780
2021-04-01,erotic literature,735
2021-04-01,western,713
2021-04-01,adventure stories,593
2021-04-01,science fiction & fantasy,581
2021-04-01,christian fiction,452
2021-04-01,love stories,401
2021-04-01,paranormal fiction,298
2021-03-01,literature,65078
2021-03-01,juvenile fiction,39515
2021-03-01,romance,38265
2021-03-01,mystery,38143
2021-03-01,fantasy,37542
2021-03-01,thriller,34711
2021-03-01,historical fiction,33607
2021-03-01,suspense,22602
2021-03-01,juvenile literature,21176
2021-03-01,humor (fiction),20225
2021-03-01,science fiction,16760
2021-03-01,young adult fiction,16230
2021-03-01,picture books,9456
2021-03-01,graphic novels,9020
2021-03-01,young adult literature,8619
2021-03-01,classic literature,6507
2021-03-01,historical fiction,5433
2021-03-01,short stories,4816
2021-03-01,humorous stories,4796
2021-03-01,cartoons and comics,4556
2021-03-01,domestic fiction,3511
2021-03-01,stories in rhyme,3226
2021-03-01,science fiction,3170
2021-03-01,horror,2922
2021-03-01,humorous fiction,2709
2021-03-01,psychological fiction,2413
2021-03-01,adventure and adventurers fiction,1874
2021-03-01,young adult fiction,1847
2021-03-01,love stories,1760
2021-03-01,fantasy comics,1664
2021-03-01,erotic literature,1569
2021-03-01,adventure stories,1567
2021-03-01,western,1452
2021-03-01,science fiction & fantasy,1179
2021-03-01,short stories,1168
2021-03-01,christian fiction,764
2021-03-01,paranormal fiction,526
2021-03-01,christian fiction,168
2021-02-01,literature,40886
2021-02-01,romance,26085
2021-02-01,mystery,24592
2021-02-01,juvenile fiction,24435
2021-02-01,fantasy,22276
2021-02-01,historical fiction,22027
2021-02-01,thriller,21857
2021-02-01,suspense,14215
2021-02-01,juvenile literature,13330
2021-02-01,humor (fiction),12652
2021-02-01,young adult fiction,10483
2021-02-01,science fiction,10396
2021-02-01,young adult literature,5672
2021-02-01,graphic novels,5144
2021-02-01,picture books,4859
2021-02-01,classic literature,3979
2021-02-01,short stories,3101
2021-02-01,humorous stories,2702
2021-02-01,historical fiction,2562
2021-02-01,cartoons and comics,2478
2021-02-01,domestic fiction,1960
2021-02-01,horror,1781
2021-02-01,stories in rhyme,1676
2021-02-01,humorous fiction,1489
2021-02-01,science fiction,1339
2021-02-01,psychological fiction,1248
2021-02-01,western,1153
2021-02-01,erotic literature,1140
2021-02-01,adventure and adventurers fiction,1036
2021-02-01,young adult fiction,901
2021-02-01,fantasy comics,887
2021-02-01,adventure stories,856
2021-02-01,science fiction & fantasy,792
2021-02-01,short stories,737
2021-02-01,love stories,640
2021-02-01,christian fiction,470
2021-02-01,paranormal fiction,298
2021-01-01,literature,16331
2021-01-01,juvenile fiction,8684
2021-01-01,romance,8428
2021-01-01,mystery,8116
2021-01-01,fantasy,7717
2021-01-01,historical fiction,7371
2021-01-01,thriller,7220
2021-01-01,juvenile literature,4843
2021-01-01,suspense,4745
2021-01-01,humor (fiction),3881
2021-01-01,young adult fiction,3860
2021-01-01,science fiction,3510
2021-01-01,young adult literature,2203
2021-01-01,graphic novels,1643
2021-01-01,classic literature,1494
2021-01-01,picture books,1334
2021-01-01,short stories,1104
2021-01-01,horror,874
2021-01-01,humorous stories,804
2021-01-01,cartoons and comics,737
2021-01-01,historical fiction,646
2021-01-01,erotic literature,436
2021-01-01,short stories,422
2021-01-01,science fiction,405
2021-01-01,domestic fiction,397
2021-01-01,adventure and adventurers fiction,397
2021-01-01,stories in rhyme,346
2021-01-01,humorous fiction,317
2021-01-01,psychological fiction,310
2021-01-01,young adult fiction,298
2021-01-01,fantasy comics,287
2021-01-01,science fiction & fantasy,281
2021-01-01,adventure stories,280
2021-01-01,western,232
2021-01-01,christian fiction,175
2021-01-01,love stories,129
2020-12-01,literature,16381
2020-12-01,mystery,8742
2020-12-01,romance,8058
2020-12-01,juvenile fiction,7993
2020-12-01,thriller,7941
2020-12-01,fantasy,7167
2020-12-01,historical fiction,6438
2020-12-01,suspense,5353
2020-12-01,juvenile literature,3919
2020-12-01,humor (fiction),3887
2020-12-01,science fiction,3488
2020-12-01,young adult fiction,3429
2020-12-01,young adult literature,1815
2020-12-01,classic literature,1579
2020-12-01,graphic novels,1145
2020-12-01,short stories,1118
2020-12-01,picture books,936
2020-12-01,horror,724
2020-12-01,historical fiction,586
2020-12-01,humorous stories,579
2020-12-01,cartoons and comics,499
2020-12-01,domestic fiction,434
2020-12-01,short stories,404
2020-12-01,science fiction,393
2020-12-01,erotic literature,358
2020-12-01,stories in rhyme,355
2020-12-01,western,347
2020-12-01,humorous fiction,287
2020-12-01,psychological fiction,285
2020-12-01,young adult fiction,270
2020-12-01,adventure and adventurers fiction,247
2020-12-01,love stories,244
2020-12-01,adventure stories,232
2020-12-01,science fiction & fantasy,215
2020-12-01,fantasy comics,207
2020-12-01,christian fiction,162
2020-11-01,literature,24372
2020-11-01,juvenile fiction,15166
2020-11-01,mystery,14956
2020-11-01,romance,14756
2020-11-01,fantasy,14174
2020-11-01,thriller,13838
2020-11-01,historical fiction,11444
2020-11-01,suspense,8510
2020-11-01,juvenile literature,8446
2020-11-01,humor (fiction),7163
2020-11-01,science fiction,6511
2020-11-01,young adult fiction,6362
2020-11-01,young adult literature,3498
2020-11-01,classic literature,2849
2020-11-01,short stories,1960
2020-11-01,graphic novels,1901
2020-11-01,picture books,1558
2020-11-01,historical fiction,1295
2020-11-01,horror,1165
2020-11-01,humorous stories,1059
2020-11-01,domestic fiction,985
2020-11-01,cartoons and comics,920
2020-11-01,erotic literature,826
2020-11-01,western,777
2020-11-01,science fiction,709
2020-11-01,psychological fiction,657
2020-11-01,stories in rhyme,603
2020-11-01,young adult fiction,564
2020-11-01,humorous fiction,557
2020-11-01,adventure and adventurers fiction,456
2020-11-01,science fiction & fantasy,395
2020-11-01,adventure stories,351
2020-11-01,short stories,349
2020-11-01,fantasy comics,331
2020-11-01,christian fiction,296
2020-11-01,love stories,181
2020-11-01,paranormal fiction,166
2020-10-01,literature,16191
2020-10-01,mystery,10288
2020-10-01,juvenile fiction,10013
2020-10-01,romance,9636
2020-10-01,fantasy,9213
2020-10-01,thriller,9105
2020-10-01,historical fiction,7603
2020-10-01,suspense,5867
2020-10-01,juvenile literature,5408
2020-10-01,humor (fiction),4693
2020-10-01,science fiction,4278
2020-10-01,young adult fiction,4210
2020-10-01,young adult literature,2282
2020-10-01,classic literature,1782
2020-10-01,short stories,1455
2020-10-01,graphic novels,1289
2020-10-01,picture books,987
2020-10-01,horror,961
2020-10-01,historical fiction,669
2020-10-01,humorous stories,666
2020-10-01,domestic fiction,577
2020-10-01,cartoons and comics,577
2020-10-01,erotic literature,500
2020-10-01,science fiction,453
2020-10-01,stories in rhyme,375
2020-10-01,humorous fiction,361
2020-10-01,short stories,355
2020-10-01,western,349
2020-10-01,young adult fiction,325
2020-10-01,science fiction & fantasy,286
2020-10-01,psychological fiction,264
2020-10-01,adventure and adventurers fiction,255
2020-10-01,christian fiction,230
2020-10-01,fantasy comics,224
2020-10-01,adventure stories,203
2020-10-01,love stories,126
2020-09-01,literature,28415
2020-09-01,romance,17253
2020-09-01,mystery,16127
2020-09-01,juvenile fiction,15879
2020-09-01,fantasy,15655
2020-09-01,thriller,15157
2020-09-01,historical fiction,12784
2020-09-01,suspense,9923
2020-09-01,juvenile literature,9010
2020-09-01,humor (fiction),8109
2020-09-01,young adult fiction,8018
2020-09-01,science fiction,7426
2020-09-01,young adult literature,4130
2020-09-01,classic literature,2987
2020-09-01,short stories,2247
2020-09-01,graphic novels,1717
2020-09-01,horror,1510
2020-09-01,picture books,1157
2020-09-01,historical fiction,1058
2020-09-01,cartoons and comics,904
2020-09-01,erotic literature,884
2020-09-01,humorous stories,827
2020-09-01,domestic fiction,733
2020-09-01,western,523
2020-09-01,psychological fiction,457
2020-09-01,stories in rhyme,454
2020-09-01,science fiction & fantasy,440
2020-09-01,science fiction,424
2020-09-01,christian fiction,402
2020-09-01,humorous fiction,399
2020-09-01,short stories,361
2020-09-01,young adult fiction,338
2020-09-01,adventure and adventurers fiction,330
2020-09-01,fantasy comics,302
2020-09-01,adventure stories,236
2020-09-01,love stories,212
2020-09-01,paranormal fiction,131
2020-08-01,literature,35848
2020-08-01,romance,21739
2020-08-01,mystery,20998
2020-08-01,thriller,20974
2020-08-01,juvenile fiction,20647
2020-08-01,fantasy,20286
2020-08-01,historical fiction,17146
2020-08-01,suspense,13835
2020-08-01,juvenile literature,11148
2020-08-01,humor (fiction),10749
2020-08-01,young adult fiction,9727
2020-08-01,science fiction,8927
2020-08-01,young adult literature,5273
2020-08-01,classic literature,4298
2020-08-01,short stories,2645
2020-08-01,horror,1932
2020-08-01,erotic literature,1047
2020-08-01,western,874
2020-08-01,science fiction & fantasy,704
2020-08-01,christian fiction,500
2020-08-01,graphic novels,313
2020-08-01,historical fiction,207
2020-08-01,picture books,161
2020-08-01,domestic fiction,141
2020-08-01,cartoons and comics,119
2020-08-01,psychological fiction,102
2020-07-01,literature,53733
2020-07-01,romance,33077
2020-07-01,juvenile fiction,32815
2020-07-01,mystery,31936
2020-07-01,thriller,30270
2020-07-01,fantasy,29487
2020-07-01,historical fiction,25740
2020-07-01,suspense,19502
2020-07-01,juvenile literature,17815
2020-07-01,humor (fiction),15619
2020-07-01,young adult fiction,15301
2020-07-01,science fiction,13581
2020-07-01,young adult literature,8430
2020-07-01,classic literature,5897
2020-07-01,short stories,4370
2020-07-01,horror,2805
2020-07-01,erotic literature,1604
2020-07-01,western,1185
2020-07-01,science fiction & fantasy,1123
2020-07-01,christian fiction,765
2020-06-01,literature,12203
2020-06-01,juvenile fiction,7863
2020-06-01,romance,7698
2020-06-01,mystery,6866
2020-06-01,fantasy,6796
2020-06-01,thriller,6422
2020-06-01,historical fiction,5645
2020-06-01,juvenile literature,4625
2020-06-01,suspense,4187
2020-06-01,humor (fiction),3648
2020-06-01,young adult fiction,3443
2020-06-01,science fiction,2943
2020-06-01,young adult literature,2144
2020-06-01,classic literature,1335
2020-06-01,short stories,873
2020-06-01,horror,521
2020-06-01,erotic literature,386
2020-06-01,western,278
2020-06-01,science fiction & fantasy,251
2020-06-01,christian fiction,129
2020-05-01,literature,896
2020-05-01,thriller,608
2020-05-01,suspense,447
2020-05-01,romance,347
2020-05-01,mystery,291
2020-05-01,fantasy,234
2020-05-01,juvenile fiction,228
2020-05-01,classic literature,127
2020-05-01,young adult fiction,123
2020-05-01,juvenile literature,113
2020-05-01,historical fiction,113
2020-05-01,science fiction,112
2020-04-01,literature,1520
2020-04-01,mystery,1187
2020-04-01,thriller,971
2020-04-01,fantasy,829
2020-04-01,romance,751
2020-04-01,suspense,745
2020-04-01,juvenile fiction,659
2020-04-01,historical fiction,551
2020-04-01,science fiction,394
2020-04-01,juvenile literature,297
2020-04-01,young adult fiction,245
2020-04-01,humor (fiction),230
2020-04-01,classic literature,144
2020-04-01,short stories,139
2020-04-01,young adult literature,125
2020-03-01,literature,55220
2020-03-01,mystery,36394
2020-03-01,thriller,35668
2020-03-01,fantasy,35114
2020-03-01,romance,34607
2020-03-01,juvenile fiction,29918
2020-03-01,historical fiction,28873
2020-03-01,suspense,23818
2020-03-01,graphic novels,16217
2020-03-01,young adult fiction,15627
2020-03-01,science fiction,15527
2020-03-01,juvenile literature,15205
2020-03-01,humor (fiction),14830
2020-03-01,picture books,9574
2020-03-01,cartoons and comics,8251
2020-03-01,young adult literature,8190
2020-03-01,humorous stories,7161
2020-03-01,classic literature,6678
2020-03-01,historical fiction,6336
2020-03-01,short stories,5085
2020-03-01,stories in rhyme,4297
2020-03-01,domestic fiction,4180
2020-03-01,science fiction,3914
2020-03-01,young adult fiction,3667
2020-03-01,humorous fiction,3230
2020-03-01,horror,3118
2020-03-01,adventure and adventurers fiction,2938
2020-03-01,fantasy comics,2561
2020-03-01,psychological fiction,2451
2020-03-01,short stories,2253
2020-03-01,adventure stories,2186
2020-03-01,erotic literature,1915
2020-03-01,western,1322
2020-03-01,science fiction & fantasy,1320
2020-03-01,paranormal fiction,950
2020-03-01,love stories,919
2020-03-01,christian fiction,801
2020-03-01,christian fiction,313
2020-02-01,literature,23652
2020-02-01,thriller,14585
2020-02-01,romance,14153
2020-02-01,mystery,13803
2020-02-01,fantasy,13777
2020-02-01,historical fiction,11667
2020-02-01,graphic novels,10842
2020-02-01,suspense,9495
2020-02-01,juvenile fiction,9243
2020-02-01,picture books,6717
2020-02-01,science fiction,6294
2020-02-01,young adult fiction,6238
2020-02-01,humor (fiction),6066
2020-02-01,cartoons and comics,5855
2020-02-01,juvenile literature,4612
2020-02-01,historical fiction,4457
2020-02-01,humorous stories,4326
2020-02-01,domestic fiction,4269
2020-02-01,young adult literature,3245
2020-02-01,stories in rhyme,2844
2020-02-01,science fiction,2780
2020-02-01,classic literature,2739
2020-02-01,humorous fiction,2234
2020-02-01,short stories,2174
2020-02-01,short stories,2089
2020-02-01,fantasy comics,1659
2020-02-01,psychological fiction,1525
2020-02-01,adventure and adventurers fiction,1421
2020-02-01,young adult fiction,1356
2020-02-01,horror,1155
2020-02-01,adventure stories,1109
2020-02-01,erotic literature,822
2020-02-01,western,576
2020-02-01,paranormal fiction,517
2020-02-01,love stories,472
2020-02-01,science fiction & fantasy,432
2020-02-01,christian fiction,268
2020-02-01,christian fiction,179
2020-01-01,literature,22374
2020-01-01,thriller,12517
2020-01-01,fantasy,11862
2020-01-01,romance,11786
2020-01-01,mystery,11661
2020-01-01,historical fiction,9575
2020-01-01,suspense,8487
2020-01-01,graphic novels,8326
2020-01-01,juvenile fiction,7050
2020-01-01,science fiction,5510
2020-01-01,picture books,5479
2020-01-01,young adult fiction,4664
2020-01-01,historical fiction,4656
2020-01-01,cartoons and comics,4597
2020-01-01,humor (fiction),4288
2020-01-01,juvenile literature,3516
2020-01-01,humorous stories,3214
2020-01-01,domestic fiction,2780
2020-01-01,young adult literature,2463
2020-01-01,stories in rhyme,2394
2020-01-01,classic literature,1898
2020-01-01,short stories,1747
2020-01-01,science fiction,1727
2020-01-01,short stories,1613
2020-01-01,humorous fiction,1416
2020-01-01,fantasy comics,1235
2020-01-01,adventure and adventurers fiction,1131
2020-01-01,psychological fiction,1079
2020-01-01,horror,1000
2020-01-01,young adult fiction,957
2020-01-01,adventure stories,803
2020-01-01,erotic literature,625
2020-01-01,love stories,447
2020-01-01,western,418
2020-01-01,science fiction & fantasy,379
2020-01-01,paranormal fiction,348
2020-01-01,christian fiction,257
2020-01-01,christian fiction,191
2019-12-01,literature,45567
2019-12-01,thriller,26884
2019-12-01,fantasy,26726
2019-12-01,romance,26436
2019-12-01,mystery,26268
2019-12-01,historical fiction,21979
2019-12-01,suspense,17522
2019-12-01,graphic novels,17355
2019-12-01,juvenile fiction,16395
2019-12-01,young adult fiction,11776
2019-12-01,science fiction,11360
2019-12-01,humor (fiction),10647
2019-12-01,picture books,10285
2019-12-01,cartoons and comics,9350
2019-12-01,juvenile literature,8523
2019-12-01,historical fiction,7574
2019-12-01,humorous stories,7182
2019-12-01,young adult literature,6430
2019-12-01,domestic fiction,4767
2019-12-01,classic literature,4593
2019-12-01,stories in rhyme,4374
2019-12-01,science fiction,3686
2019-12-01,short stories,3317
2019-12-01,humorous fiction,3265
2019-12-01,fantasy comics,2837
2019-12-01,short stories,2745
2019-12-01,psychological fiction,2608
2019-12-01,young adult fiction,2511
2019-12-01,adventure and adventurers fiction,2451
2019-12-01,horror,2376
2019-12-01,adventure stories,1964
2019-12-01,erotic literature,1248
2019-12-01,science fiction & fantasy,1041
2019-12-01,paranormal fiction,1026
2019-12-01,love stories,977
2019-12-01,western,973
2019-12-01,christian fiction,576
2019-12-01,christian fiction,334
2019-11-01,literature,25185
2019-11-01,romance,15221
2019-11-01,fantasy,15013
2019-11-01,thriller,14696
2019-11-01,mystery,14428
2019-11-01,historical fiction,12434
2019-11-01,graphic novels,11514
2019-11-01,suspense,10255
2019-11-01,juvenile fiction,10049
2019-11-01,picture books,7561
2019-11-01,young adult fiction,6577
2019-11-01,science fiction,6381
2019-11-01,humor (fiction),5800
2019-11-01,cartoons and comics,5532
2019-11-01,juvenile literature,4994
2019-11-01,humorous stories,4907
2019-11-01,historical fiction,4797
2019-11-01,stories in rhyme,3495
2019-11-01,young adult literature,3421
2019-11-01,domestic fiction,2717
2019-11-01,science fiction,2341
2019-11-01,classic literature,2241
2019-11-01,humorous fiction,2228
2019-11-01,short stories,2062
2019-11-01,fantasy comics,1814
2019-11-01,psychological fiction,1762
2019-11-01,short stories,1695
2019-11-01,adventure and adventurers fiction,1644
2019-11-01,adventure stories,1447
2019-11-01,young adult fiction,1351
2019-11-01,horror,1330
2019-11-01,erotic literature,840
2019-11-01,western,678
2019-11-01,love stories,649
2019-11-01,science fiction & fantasy,558
2019-11-01,paranormal fiction,472
2019-11-01,christian fiction,343
2019-11-01,christian fiction,183
2019-10-01,literature,585
2019-10-01,thriller,325
2019-10-01,romance,276
2019-10-01,suspense,228
2019-10-01,mystery,203
2019-10-01,fantasy,193
2019-10-01,juvenile fiction,127
2019-10-01,short stories,120
2019-09-01,literature,11077
2019-09-01,fantasy,6130
2019-09-01,mystery,5892
2019-09-01,romance,5642
2019-09-01,thriller,5486
2019-09-01,historical fiction,4759
2019-09-01,graphic novels,4594
2019-09-01,suspense,3462
2019-09-01,juvenile fiction,3257
2019-09-01,picture books,2608
2019-09-01,science fiction,2440
2019-09-01,cartoons and comics,2425
2019-09-01,young adult fiction,2394
2019-09-01,humor (fiction),2350
2019-09-01,domestic fiction,2334
2019-09-01,humorous stories,2058
2019-09-01,historical fiction,1655
2019-09-01,juvenile literature,1569
2019-09-01,stories in rhyme,1504
2019-09-01,classic literature,1128
2019-09-01,humorous fiction,1106
2019-09-01,young adult literature,1080
2019-09-01,science fiction,831
2019-09-01,short stories,798
2019-09-01,fantasy comics,722
2019-09-01,adventure and adventurers fiction,715
2019-09-01,short stories,682
2019-09-01,adventure stories,632
2019-09-01,psychological fiction,624
2019-09-01,young adult fiction,619
2019-09-01,horror,484
2019-09-01,love stories,347
2019-09-01,erotic literature,294
2019-09-01,western,221
2019-09-01,paranormal fiction,159
2019-09-01,science fiction & fantasy,155
2019-09-01,christian fiction,135
2019-09-01,christian fiction,107
2019-08-01,literature,22425
2019-08-01,mystery,13596
2019-08-01,thriller,13410
2019-08-01,fantasy,13308
2019-08-01,romance,13274
2019-08-01,historical fiction,10924
2019-08-01,graphic novels,10587
2019-08-01,suspense,9089
2019-08-01,juvenile fiction,8262
2019-08-01,young adult fiction,6476
2019-08-01,science fiction,6103
2019-08-01,historical fiction,5342
2019-08-01,picture books,5300
2019-08-01,cartoons and comics,5088
2019-08-01,humorous stories,4985
2019-08-01,humor (fiction),4797
2019-08-01,juvenile literature,3909
2019-08-01,young adult literature,2986
2019-08-01,domestic fiction,2905
2019-08-01,humorous fiction,2813
2019-08-01,stories in rhyme,2761
2019-08-01,science fiction,2278
2019-08-01,classic literature,2155
2019-08-01,adventure and adventurers fiction,1914
2019-08-01,short stories,1893
2019-08-01,fantasy comics,1752
2019-08-01,adventure stories,1681
2019-08-01,psychological fiction,1654
2019-08-01,young adult fiction,1563
2019-08-01,short stories,1220
2019-08-01,horror,1148
2019-08-01,love stories,812
2019-08-01,erotic literature,806
2019-08-01,western,493
2019-08-01,science fiction & fantasy,450
2019-08-01,paranormal fiction,410
2019-08-01,christian fiction,280
2019-08-01,christian fiction,248
2019-07-01,literature,873
2019-07-01,thriller,406
2019-07-01,romance,381
2019-07-01,fantasy,365
2019-07-01,science fiction,290
2019-07-01,mystery,264
2019-07-01,graphic novels,142
2019-07-01,suspense,137
2019-07-01,juvenile fiction,131
2019-07-01,humor (fiction),117
2019-07-01,classic literature,114
2019-07-01,short stories,104
2019-06-01,literature,8091
2019-06-01,thriller,5101
2019-06-01,fantasy,4849
2019-06-01,mystery,4737
2019-06-01,romance,4687
2019-06-01,historical fiction,3894
2019-06-01,graphic novels,3524
2019-06-01,suspense,3387
2019-06-01,juvenile fiction,3067
2019-06-01,science fiction,2376
2019-06-01,picture books,2067
2019-06-01,cartoons and comics,1939
2019-06-01,young adult fiction,1927
2019-06-01,humor (fiction),1841
2019-06-01,humorous stories,1726
2019-06-01,juvenile literature,1391
2019-06-01,historical fiction,1294
2019-06-01,classic literature,1010
2019-06-01,stories in rhyme,970
2019-06-01,young adult literature,860
2019-06-01,fantasy comics,797
2019-06-01,science fiction,776
2019-06-01,domestic fiction,772
2019-06-01,humorous fiction,728
2019-06-01,short stories,632
2019-06-01,adventure and adventurers fiction,613
2019-06-01,young adult fiction,585
2019-06-01,psychological fiction,568
2019-06-01,adventure stories,538
2019-06-01,horror,504
2019-06-01,short stories,387
2019-06-01,erotic literature,335
2019-06-01,love stories,266
2019-06-01,western,222
2019-06-01,paranormal fiction,222
2019-06-01,science fiction & fantasy,141
2019-06-01,christian fiction,112
2019-05-01,literature,562
2019-05-01,romance,217
2019-05-01,fantasy,215
2019-05-01,short stories,109
2019-05-01,mystery,100
2019-04-01,literature,20217
2019-04-01,thriller,14932
2019-04-01,mystery,13330
2019-04-01,fantasy,13101
2019-04-01,romance,12707
2019-04-01,historical fiction,10262
2019-04-01,suspense,9884
2019-04-01,graphic novels,9418
2019-04-01,juvenile fiction,7784
2019-04-01,young adult fiction,6211
2019-04-01,science fiction,5640
2019-04-01,picture books,5283
2019-04-01,humor (fiction),5268
2019-04-01,historical fiction,4809
2019-04-01,humorous stories,4745
2019-04-01,cartoons and comics,4412
2019-04-01,juvenile literature,3556
2019-04-01,stories in rhyme,3185
2019-04-01,young adult literature,2927
2019-04-01,science fiction,2281
2019-04-01,humorous fiction,2239
2019-04-01,domestic fiction,2110
2019-04-01,classic literature,1830
2019-04-01,psychological fiction,1654
2019-04-01,short stories,1634
2019-04-01,adventure and adventurers fiction,1603
2019-04-01,adventure stories,1434
2019-04-01,young adult fiction,1428
2019-04-01,fantasy comics,1320
2019-04-01,horror,1032
2019-04-01,short stories,963
2019-04-01,erotic literature,812
2019-04-01,love stories,685
2019-04-01,science fiction & fantasy,587
2019-04-01,western,477
2019-04-01,paranormal fiction,437
2019-04-01,christian fiction,298
2019-04-01,christian fiction,204
2019-03-01,literature,32682
2019-03-01,thriller,22778
2019-03-01,mystery,21634
2019-03-01,romance,21378
2019-03-01,fantasy,21310
2019-03-01,historical fiction,17515
2019-03-01,suspense,15450
2019-03-01,graphic novels,15079
2019-03-01,juvenile fiction,13236
2019-03-01,young adult fiction,10101
2019-03-01,science fiction,9700
2019-03-01,cartoons and comics,8165
2019-03-01,humorous stories,8050
2019-03-01,picture books,7991
2019-03-01,humor (fiction),7922
2019-03-01,historical fiction,6925
2019-03-01,juvenile literature,6039
2019-03-01,young adult literature,4903
2019-03-01,stories in rhyme,4858
2019-03-01,domestic fiction,3673
2019-03-01,science fiction,3503
2019-03-01,humorous fiction,3464
2019-03-01,classic literature,3425
2019-03-01,psychological fiction,3246
2019-03-01,short stories,2904
2019-03-01,adventure and adventurers fiction,2671
2019-03-01,adventure stories,2478
2019-03-01,fantasy comics,2403
2019-03-01,young adult fiction,2396
2019-03-01,short stories,1744
2019-03-01,horror,1670
2019-03-01,erotic literature,1211
2019-03-01,love stories,1138
2019-03-01,science fiction & fantasy,877
2019-03-01,western,761
2019-03-01,paranormal fiction,667
2019-03-01,christian fiction,388
2019-03-01,christian fiction,327
2019-02-01,literature,3985
2019-02-01,thriller,2867
2019-02-01,romance,2731
2019-02-01,fantasy,2647
2019-02-01,mystery,2617
2019-02-01,historical fiction,2327
2019-02-01,suspense,1850
2019-02-01,graphic novels,1706
2019-02-01,juvenile fiction,1689
2019-02-01,young adult fiction,1327
2019-02-01,science fiction,1027
2019-02-01,humor (fiction),905
2019-02-01,humorous stories,892
2019-02-01,cartoons and comics,846
2019-02-01,picture books,774
2019-02-01,historical fiction,758
2019-02-01,juvenile literature,733
2019-02-01,young adult literature,666
2019-02-01,stories in rhyme,565
2019-02-01,domestic fiction,521
2019-02-01,classic literature,498
2019-02-01,science fiction,439
2019-02-01,psychological fiction,372
2019-02-01,short stories,336
2019-02-01,young adult fiction,328
2019-02-01,adventure and adventurers fiction,279
2019-02-01,humorous fiction,266
2019-02-01,adventure stories,261
2019-02-01,short stories,258
2019-02-01,fantasy comics,240
2019-02-01,erotic literature,201
2019-02-01,love stories,195
2019-02-01,horror,194
2019-02-01,science fiction & fantasy,127
2019-02-01,paranormal fiction,102
2019-02-01,western,100
2019-01-01,literature,12436
2019-01-01,thriller,8176
2019-01-01,mystery,7837
2019-01-01,romance,7307
2019-01-01,fantasy,6627
2019-01-01,historical fiction,5953
2019-01-01,suspense,5912
2019-01-01,graphic novels,5455
2019-01-01,juvenile fiction,4219
2019-01-01,young adult fiction,3064
2019-01-01,science fiction,2830
2019-01-01,historical fiction,2790
2019-01-01,humor (fiction),2713
2019-01-01,humorous stories,2625
2019-01-01,cartoons and comics,2608
2019-01-01,picture books,2497
2019-01-01,juvenile literature,1892
2019-01-01,stories in rhyme,1540
2019-01-01,young adult literature,1493
2019-01-01,humorous fiction,1335
2019-01-01,domestic fiction,1262
2019-01-01,science fiction,1169
2019-01-01,classic literature,1031
2019-01-01,young adult fiction,974
2019-01-01,psychological fiction,971
2019-01-01,adventure and adventurers fiction,963
2019-01-01,fantasy comics,962
2019-01-01,short stories,902
2019-01-01,adventure stories,849
2019-01-01,horror,729
2019-01-01,short stories,611
2019-01-01,erotic literature,535
2019-01-01,love stories,354
2019-01-01,science fiction & fantasy,308
2019-01-01,paranormal fiction,282
2019-01-01,western,251
2019-01-01,christian fiction,147
2019-01-01,christian fiction,111
2018-12-01,literature,25805
2018-12-01,thriller,18359
2018-12-01,mystery,18027
2018-12-01,fantasy,17426
2018-12-01,romance,17365
2018-12-01,graphic novels,13737
2018-12-01,historical fiction,13529
2018-12-01,suspense,12196
2018-12-01,juvenile fiction,10978
2018-12-01,cartoons and comics,8056
2018-12-01,science fiction,8019
2018-12-01,young adult fiction,7930
2018-12-01,humorous stories,5859
2018-12-01,humor (fiction),5664
2018-12-01,picture books,5526
2018-12-01,juvenile literature,5108
2018-12-01,historical fiction,5085
2018-12-01,stories in rhyme,3432
2018-12-01,young adult literature,3402
2018-12-01,psychological fiction,3208
2018-12-01,domestic fiction,2875
2018-12-01,science fiction,2805
2018-12-01,classic literature,2616
2018-12-01,short stories,2390
2018-12-01,fantasy comics,2225
2018-12-01,adventure and adventurers fiction,2164
2018-12-01,humorous fiction,2043
2018-12-01,young adult fiction,1995
2018-12-01,adventure stories,1809
2018-12-01,horror,1447
2018-12-01,short stories,1368
2018-12-01,erotic literature,1247
2018-12-01,love stories,1020
2018-12-01,western,636
2018-12-01,science fiction & fantasy,620
2018-12-01,paranormal fiction,523
2018-12-01,christian fiction,340
2018-12-01,christian fiction,316
2018-11-01,literature,34196
2018-11-01,thriller,25040
2018-11-01,mystery,24435
2018-11-01,romance,23191
2018-11-01,fantasy,23155
2018-11-01,historical fiction,18613
2018-11-01,graphic novels,18233
2018-11-01,suspense,16349
2018-11-01,juvenile fiction,15129
2018-11-01,young adult fiction,10741
2018-11-01,cartoons and comics,10424
2018-11-01,science fiction,10188
2018-11-01,humorous stories,9832
2018-11-01,picture books,9030
2018-11-01,historical fiction,8542
2018-11-01,humor (fiction),7876
2018-11-01,juvenile literature,7552
2018-11-01,stories in rhyme,5839
2018-11-01,domestic fiction,5389
2018-11-01,young adult literature,5093
2018-11-01,science fiction,3863
2018-11-01,psychological fiction,3727
2018-11-01,young adult fiction,3480
2018-11-01,humorous fiction,3363
2018-11-01,short stories,3249
2018-11-01,classic literature,3191
2018-11-01,adventure and adventurers fiction,3144
2018-11-01,adventure stories,2911
2018-11-01,fantasy comics,2883
2018-11-01,horror,2055
2018-11-01,short stories,1858
2018-11-01,erotic literature,1674
2018-11-01,love stories,1570
2018-11-01,western,890
2018-11-01,science fiction & fantasy,870
2018-11-01,paranormal fiction,832
2018-11-01,christian fiction,392
2018-11-01,christian fiction,392
2018-10-01,literature,34896
2018-10-01,thriller,25435
2018-10-01,mystery,25045
2018-10-01,romance,23634
2018-10-01,fantasy,23420
2018-10-01,graphic novels,19894
2018-10-01,historical fiction,19584
2018-10-01,suspense,16853
2018-10-01,juvenile fiction,13604
2018-10-01,cartoons and comics,11131
2018-10-01,young adult fiction,10686
2018-10-01,science fiction,10595
2018-10-01,humorous stories,9716
2018-10-01,historical fiction,8734
2018-10-01,picture books,8716
2018-10-01,humor (fiction),7252
2018-10-01,juvenile literature,6363
2018-10-01,stories in rhyme,6000
2018-10-01,domestic fiction,5939
2018-10-01,young adult literature,4946
2018-10-01,science fiction,4169
2018-10-01,humorous fiction,4094
2018-10-01,psychological fiction,3604
2018-10-01,classic literature,3584
2018-10-01,short stories,3473
2018-10-01,fantasy comics,3464
2018-10-01,adventure and adventurers fiction,3180
2018-10-01,adventure stories,2915
2018-10-01,young adult fiction,2863
2018-10-01,horror,2414
2018-10-01,short stories,2115
2018-10-01,love stories,1765
2018-10-01,erotic literature,1732
2018-10-01,western,1061
2018-10-01,paranormal fiction,989
2018-10-01,science fiction & fantasy,956
2018-10-01,christian fiction,511
2018-10-01,christian fiction,487
2018-09-01,literature,34344
2018-09-01,thriller,25541
2018-09-01,mystery,25038
2018-09-01,romance,23721
2018-09-01,fantasy,23271
2018-09-01,graphic novels,19676
2018-09-01,historical fiction,18881
2018-09-01,suspense,16990
2018-09-01,juvenile fiction,13758
2018-09-01,cartoons and comics,11503
2018-09-01,science fiction,10915
2018-09-01,young adult fiction,10116
2018-09-01,humorous stories,9230
2018-09-01,humor (fiction),7845
2018-09-01,picture books,7689
2018-09-01,historical fiction,6914
2018-09-01,juvenile literature,6369
2018-09-01,domestic fiction,5453
2018-09-01,stories in rhyme,5362
2018-09-01,young adult literature,4759
2018-09-01,psychological fiction,4581
2018-09-01,science fiction,4194
2018-09-01,humorous fiction,3993
2018-09-01,short stories,3447
2018-09-01,classic literature,3356
2018-09-01,young adult fiction,3103
2018-09-01,fantasy comics,3028
2018-09-01,adventure stories,2977
2018-09-01,adventure and adventurers fiction,2927
2018-09-01,short stories,2202
2018-09-01,horror,2202
2018-09-01,love stories,1703
2018-09-01,erotic literature,1681
2018-09-01,paranormal fiction,918
2018-09-01,science fiction & fantasy,899
2018-09-01,western,813
2018-09-01,christian fiction,469
2018-09-01,christian fiction,424
2018-08-01,literature,37534
2018-08-01,mystery,27357
2018-08-01,thriller,26972
2018-08-01,fantasy,25333
2018-08-01,romance,24800
2018-08-01,graphic novels,23951
2018-08-01,historical fiction,19750
2018-08-01,suspense,17552
2018-08-01,juvenile fiction,16595
2018-08-01,cartoons and comics,14274
2018-08-01,science fiction,11757
2018-08-01,young adult fiction,11243
2018-08-01,humorous stories,10380
2018-08-01,humor (fiction),8678
2018-08-01,juvenile literature,7946
2018-08-01,picture books,7847
2018-08-01,historical fiction,7470
2018-08-01,domestic fiction,6904
2018-08-01,stories in rhyme,5854
2018-08-01,psychological fiction,5105
2018-08-01,young adult literature,5050
2018-08-01,science fiction,4821
2018-08-01,young adult fiction,4174
2018-08-01,humorous fiction,4032
2018-08-01,short stories,3727
2018-08-01,fantasy comics,3698
2018-08-01,adventure and adventurers fiction,3646
2018-08-01,adventure stories,3578
2018-08-01,classic literature,3490
2018-08-01,short stories,2566
2018-08-01,horror,2121
2018-08-01,love stories,1958
2018-08-01,erotic literature,1736
2018-08-01,paranormal fiction,1033
2018-08-01,science fiction & fantasy,955
2018-08-01,western,879
2018-08-01,christian fiction,540
2018-08-01,christian fiction,518
2018-07-01,literature,37012
2018-07-01,mystery,27147
2018-07-01,thriller,26971
2018-07-01,fantasy,25052
2018-07-01,romance,24584
2018-07-01,graphic novels,22233
2018-07-01,historical fiction,20143
2018-07-01,suspense,17262
2018-07-01,juvenile fiction,15261
2018-07-01,cartoons and comics,13096
2018-07-01,young adult fiction,11724
2018-07-01,science fiction,11484
2018-07-01,humorous stories,10696
2018-07-01,historical fiction,9236
2018-07-01,humor (fiction),8031
2018-07-01,domestic fiction,7396
2018-07-01,juvenile literature,7122
2018-07-01,picture books,7056
2018-07-01,young adult literature,5590
2018-07-01,stories in rhyme,5059
2018-07-01,science fiction,5049
2018-07-01,humorous fiction,4628
2018-07-01,psychological fiction,4619
2018-07-01,young adult fiction,4154
2018-07-01,adventure and adventurers fiction,3724
2018-07-01,fantasy comics,3607
2018-07-01,adventure stories,3566
2018-07-01,short stories,3449
2018-07-01,classic literature,3201
2018-07-01,horror,2198
2018-07-01,short stories,2155
2018-07-01,love stories,2073
2018-07-01,erotic literature,1629
2018-07-01,paranormal fiction,1030
2018-07-01,science fiction & fantasy,961
2018-07-01,western,924
2018-07-01,christian fiction,555
2018-07-01,christian fiction,489
2018-06-01,literature,43654
2018-06-01,thriller,31464
2018-06-01,mystery,31060
2018-06-01,fantasy,29294
2018-06-01,romance,28985
2018-06-01,graphic novels,27226
2018-06-01,historical fiction,23398
2018-06-01,suspense,20658
2018-06-01,juvenile fiction,17968
2018-06-01,cartoons and comics,15987
2018-06-01,science fiction,13327
2018-06-01,humorous stories,12975
2018-06-01,young adult fiction,12868
2018-06-01,historical fiction,10911
2018-06-01,humor (fiction),9135
2018-06-01,domestic fiction,8530
2018-06-01,picture books,8529
2018-06-01,juvenile literature,8151
2018-06-01,stories in rhyme,6429
2018-06-01,science fiction,6058
2018-06-01,young adult literature,6022
2018-06-01,psychological fiction,5480
2018-06-01,humorous fiction,5094
2018-06-01,young adult fiction,4746
2018-06-01,adventure and adventurers fiction,4528
2018-06-01,adventure stories,4306
2018-06-01,fantasy comics,4209
2018-06-01,short stories,4031
2018-06-01,classic literature,3941
2018-06-01,short stories,3142
2018-06-01,love stories,2585
2018-06-01,horror,2337
2018-06-01,erotic literature,1846
2018-06-01,paranormal fiction,1155
2018-06-01,science fiction & fantasy,1122
2018-06-01,western,1041
2018-06-01,christian fiction,647
2018-06-01,christian fiction,585
2018-05-01,literature,32113
2018-05-01,mystery,24001
2018-05-01,romance,22778
2018-05-01,thriller,22740
2018-05-01,fantasy,21884
2018-05-01,graphic novels,21156
2018-05-01,historical fiction,18086
2018-05-01,suspense,14851
2018-05-01,juvenile fiction,12442
2018-05-01,cartoons and comics,11857
2018-05-01,science fiction,9821
2018-05-01,humorous stories,9456
2018-05-01,young adult fiction,9025
2018-05-01,historical fiction,8045
2018-05-01,picture books,6949
2018-05-01,humor (fiction),6616
2018-05-01,domestic fiction,6333
2018-05-01,juvenile literature,5809
2018-05-01,stories in rhyme,4931
2018-05-01,science fiction,4929
2018-05-01,psychological fiction,4462
2018-05-01,young adult literature,4187
2018-05-01,fantasy comics,3327
2018-05-01,classic literature,3184
2018-05-01,young adult fiction,3137
2018-05-01,adventure and adventurers fiction,3088
2018-05-01,short stories,3074
2018-05-01,short stories,2952
2018-05-01,adventure stories,2881
2018-05-01,humorous fiction,2805
2018-05-01,love stories,1816
2018-05-01,horror,1808
2018-05-01,erotic literature,1410
2018-05-01,paranormal fiction,842
2018-05-01,science fiction & fantasy,841
2018-05-01,western,780
2018-05-01,christian fiction,510
2018-05-01,christian fiction,453
2018-04-01,literature,30280
2018-04-01,mystery,23412
2018-04-01,thriller,21809
2018-04-01,romance,21558
2018-04-01,fantasy,21266
2018-04-01,graphic novels,20552
2018-04-01,historical fiction,16926
2018-04-01,suspense,14405
2018-04-01,juvenile fiction,12535
2018-04-01,cartoons and comics,11662
2018-04-01,humorous stories,9417
2018-04-01,young adult fiction,8859
2018-04-01,science fiction,8831
2018-04-01,historical fiction,8443
2018-04-01,domestic fiction,7240
2018-04-01,picture books,6963
2018-04-01,humor (fiction),6260
2018-04-01,juvenile literature,5459
2018-04-01,stories in rhyme,5043
2018-04-01,science fiction,4796
2018-04-01,young adult literature,4155
2018-04-01,psychological fiction,3855
2018-04-01,young adult fiction,3482
2018-04-01,fantasy comics,3434
2018-04-01,adventure stories,3160
2018-04-01,adventure and adventurers fiction,3111
2018-04-01,short stories,3039
2018-04-01,classic literature,2905
2018-04-01,short stories,2728
2018-04-01,humorous fiction,2610
2018-04-01,horror,2209
2018-04-01,love stories,1849
2018-04-01,erotic literature,1468
2018-04-01,paranormal fiction,956
2018-04-01,science fiction & fantasy,901
2018-04-01,western,835
2018-04-01,christian fiction,534
2018-04-01,christian fiction,395
2018-03-01,literature,32129
2018-03-01,mystery,24304
2018-03-01,thriller,23625
2018-03-01,fantasy,22134
2018-03-01,romance,21977
2018-03-01,graphic novels,19167
2018-03-01,historical fiction,18673
2018-03-01,suspense,15349
2018-03-01,juvenile fiction,12561
2018-03-01,cartoons and comics,10770
2018-03-01,science fiction,9918
2018-03-01,humorous stories,9532
2018-03-01,young adult fiction,8804
2018-03-01,historical fiction,8040
2018-03-01,domestic fiction,7341
2018-03-01,humor (fiction),6295
2018-03-01,picture books,5926
2018-03-01,science fiction,5559
2018-03-01,juvenile literature,5403
2018-03-01,stories in rhyme,4706
2018-03-01,psychological fiction,4571
2018-03-01,young adult literature,3852
2018-03-01,adventure and adventurers fiction,3367
2018-03-01,short stories,3285
2018-03-01,classic literature,3155
2018-03-01,adventure stories,3155
2018-03-01,young adult fiction,3067
2018-03-01,fantasy comics,2897
2018-03-01,short stories,2593
2018-03-01,humorous fiction,2555
2018-03-01,love stories,1906
2018-03-01,horror,1897
2018-03-01,erotic literature,1369
2018-03-01,paranormal fiction,1107
2018-03-01,western,1002
2018-03-01,science fiction & fantasy,938
2018-03-01,christian fiction,488
2018-03-01,christian fiction,450
2018-02-01,literature,27384
2018-02-01,thriller,21316
2018-02-01,mystery,21241
2018-02-01,fantasy,19728
2018-02-01,romance,19518
2018-02-01,graphic novels,16825
2018-02-01,historical fiction,15628
2018-02-01,suspense,14396
2018-02-01,juvenile fiction,11443
2018-02-01,cartoons and comics,9767
2018-02-01,humorous stories,9056
2018-02-01,science fiction,9052
2018-02-01,young adult fiction,8020
2018-02-01,historical fiction,7479
2018-02-01,domestic fiction,6430
2018-02-01,humor (fiction),5834
2018-02-01,science fiction,5175
2018-02-01,picture books,4954
2018-02-01,juvenile literature,4810
2018-02-01,stories in rhyme,4204
2018-02-01,psychological fiction,3533
2018-02-01,young adult literature,3497
2018-02-01,young adult fiction,3193
2018-02-01,short stories,2892
2018-02-01,adventure stories,2891
2018-02-01,classic literature,2822
2018-02-01,adventure and adventurers fiction,2738
2018-02-01,fantasy comics,2577
2018-02-01,humorous fiction,2487
2018-02-01,short stories,2319
2018-02-01,love stories,1844
2018-02-01,horror,1825
2018-02-01,erotic literature,1483
2018-02-01,paranormal fiction,1039
2018-02-01,science fiction & fantasy,771
2018-02-01,western,746
2018-02-01,christian fiction,429
2018-02-01,christian fiction,410
2018-01-01,literature,30943
2018-01-01,mystery,23504
2018-01-01,thriller,22485
2018-01-01,romance,22205
2018-01-01,fantasy,22160
2018-01-01,graphic novels,18641
2018-01-01,historical fiction,17286
2018-01-01,suspense,15010
2018-01-01,juvenile fiction,12348
2018-01-01,cartoons and comics,10762
2018-01-01,humorous stories,10270
2018-01-01,science fiction,9980
2018-01-01,young adult fiction,8446
2018-01-01,historical fiction,8046
2018-01-01,humor (fiction),6739
2018-01-01,domestic fiction,6095
2018-01-01,picture books,5655
2018-01-01,science fiction,5436
2018-01-01,juvenile literature,5327
2018-01-01,stories in rhyme,5222
2018-01-01,young adult fiction,3852
2018-01-01,psychological fiction,3683
2018-01-01,young adult literature,3646
2018-01-01,adventure and adventurers fiction,3463
2018-01-01,adventure stories,3379
2018-01-01,humorous fiction,3370
2018-01-01,classic literature,3103
2018-01-01,short stories,3071
2018-01-01,fantasy comics,2983
2018-01-01,short stories,2451
2018-01-01,love stories,2125
2018-01-01,erotic literature,1985
2018-01-01,horror,1831
2018-01-01,paranormal fiction,1329
2018-01-01,western,852
2018-01-01,science fiction & fantasy,779
2018-01-01,christian fiction,474
2018-01-01,christian fiction,437
2017-12-01,literature,21229
2017-12-01,mystery,16936
2017-12-01,thriller,15795
2017-12-01,fantasy,15667
2017-12-01,romance,15441
2017-12-01,graphic novels,13097
2017-12-01,historical fiction,11763
2017-12-01,suspense,10697
2017-12-01,juvenile fiction,9330
2017-12-01,cartoons and comics,7261
2017-12-01,science fiction,6724
2017-12-01,young adult fiction,6326
2017-12-01,humorous stories,6182
2017-12-01,humor (fiction),4859
2017-12-01,historical fiction,4769
2017-12-01,juvenile literature,4136
2017-12-01,science fiction,3792
2017-12-01,picture books,3224
2017-12-01,psychological fiction,3133
2017-12-01,domestic fiction,2825
2017-12-01,stories in rhyme,2822
2017-12-01,young adult literature,2753
2017-12-01,young adult fiction,2518
2017-12-01,short stories,2468
2017-12-01,short stories,2331
2017-12-01,classic literature,2260
2017-12-01,humorous fiction,2232
2017-12-01,adventure and adventurers fiction,2097
2017-12-01,fantasy comics,1995
2017-12-01,adventure stories,1779
2017-12-01,horror,1534
2017-12-01,love stories,1441
2017-12-01,erotic literature,1165
2017-12-01,science fiction & fantasy,686
2017-12-01,paranormal fiction,573
2017-12-01,western,556
2017-12-01,christian fiction,356
2017-12-01,christian fiction,318
2017-11-01,literature,2601
2017-11-01,romance,1879
2017-11-01,fantasy,1807
2017-11-01,mystery,1740
2017-11-01,thriller,1513
2017-11-01,graphic novels,1194
2017-11-01,historical fiction,1136
2017-11-01,suspense,1015
2017-11-01,juvenile fiction,1011
2017-11-01,cartoons and comics,729
2017-11-01,young adult fiction,644
2017-11-01,science fiction,621
2017-11-01,humorous stories,603
2017-11-01,humorous fiction,569
2017-11-01,juvenile literature,500
2017-11-01,historical fiction,410
2017-11-01,humor (fiction),405
2017-11-01,short stories,314
2017-11-01,classic literature,302
2017-11-01,stories in rhyme,302
2017-11-01,science fiction,291
2017-11-01,horror,286
2017-11-01,domestic fiction,280
2017-11-01,picture books,241
2017-11-01,young adult literature,239
2017-11-01,adventure stories,235
2017-11-01,psychological fiction,209
2017-11-01,short stories,175
2017-11-01,adventure and adventurers fiction,166
2017-11-01,fantasy comics,163
2017-11-01,love stories,157
2017-11-01,erotic literature,125
2017-11-01,young adult fiction,114
2017-10-01,literature,10948
2017-10-01,romance,7758
2017-10-01,thriller,7558
2017-10-01,mystery,7555
2017-10-01,graphic novels,7260
2017-10-01,fantasy,7203
2017-10-01,historical fiction,6207
2017-10-01,suspense,5583
2017-10-01,juvenile fiction,4114
2017-10-01,cartoons and comics,3758
2017-10-01,humorous stories,3674
2017-10-01,science fiction,3201
2017-10-01,young adult fiction,2886
2017-10-01,historical fiction,2509
2017-10-01,humor (fiction),2060
2017-10-01,stories in rhyme,1966
2017-10-01,domestic fiction,1845
2017-10-01,picture books,1761
2017-10-01,juvenile literature,1723
2017-10-01,humorous fiction,1596
2017-10-01,psychological fiction,1491
2017-10-01,science fiction,1325
2017-10-01,adventure stories,1308
2017-10-01,classic literature,1231
2017-10-01,adventure and adventurers fiction,1221
2017-10-01,young adult literature,1199
2017-10-01,horror,1162
2017-10-01,short stories,1088
2017-10-01,love stories,862
2017-10-01,young adult fiction,813
2017-10-01,short stories,779
2017-10-01,erotic literature,676
2017-10-01,fantasy comics,586
2017-10-01,paranormal fiction,277
2017-10-01,science fiction & fantasy,250
2017-10-01,western,227
2017-10-01,christian fiction,189
2017-10-01,christian fiction,133
2017-09-01,literature,13679
2017-09-01,mystery,10554
2017-09-01,romance,10303
2017-09-01,thriller,10087
2017-09-01,graphic novels,9368
2017-09-01,fantasy,8935
2017-09-01,historical fiction,7738
2017-09-01,suspense,6539
2017-09-01,juvenile fiction,5376
2017-09-01,cartoons and comics,4869
2017-09-01,humorous stories,4353
2017-09-01,science fiction,3860
2017-09-01,young adult fiction,3775
2017-09-01,historical fiction,3530
2017-09-01,domestic fiction,2900
2017-09-01,humor (fiction),2807
2017-09-01,stories in rhyme,2494
2017-09-01,science fiction,2199
2017-09-01,juvenile literature,2148
2017-09-01,psychological fiction,2136
2017-09-01,adventure and adventurers fiction,1696
2017-09-01,short stories,1682
2017-09-01,picture books,1641
2017-09-01,young adult literature,1518
2017-09-01,adventure stories,1463
2017-09-01,classic literature,1441
2017-09-01,short stories,1362
2017-09-01,humorous fiction,1317
2017-09-01,love stories,1298
2017-09-01,young adult fiction,1199
2017-09-01,horror,995
2017-09-01,erotic literature,819
2017-09-01,fantasy comics,537
2017-09-01,western,401
2017-09-01,science fiction & fantasy,368
2017-09-01,paranormal fiction,349
2017-09-01,christian fiction,237
2017-09-01,christian fiction,194
2017-08-01,literature,2900
2017-08-01,romance,2392
2017-08-01,mystery,2328
2017-08-01,thriller,2192
2017-08-01,fantasy,2124
2017-08-01,graphic novels,1769
2017-08-01,historical fiction,1722
2017-08-01,suspense,1290
2017-08-01,juvenile fiction,1188
2017-08-01,cartoons and comics,1023
2017-08-01,humorous stories,880
2017-08-01,science fiction,846
2017-08-01,young adult fiction,760
2017-08-01,historical fiction,647
2017-08-01,humor (fiction),501
2017-08-01,juvenile literature,461
2017-08-01,picture books,367
2017-08-01,horror,355
2017-08-01,stories in rhyme,353
2017-08-01,classic literature,336
2017-08-01,science fiction,334
2017-08-01,adventure and adventurers fiction,314
2017-08-01,short stories,312
2017-08-01,psychological fiction,292
2017-08-01,short stories,286
2017-08-01,adventure stories,285
2017-08-01,young adult literature,279
2017-08-01,domestic fiction,260
2017-08-01,young adult fiction,220
2017-08-01,love stories,219
2017-08-01,erotic literature,198
2017-08-01,fantasy comics,149
2017-08-01,humorous fiction,134
2017-07-01,literature,7363
2017-07-01,graphic novels,6849
2017-07-01,romance,6474
2017-07-01,mystery,6045
2017-07-01,thriller,6002
2017-07-01,fantasy,5688
2017-07-01,suspense,4303
2017-07-01,historical fiction,4089
2017-07-01,cartoons and comics,3786
2017-07-01,juvenile fiction,3503
2017-07-01,humorous stories,2830
2017-07-01,young adult fiction,2629
2017-07-01,science fiction,2489
2017-07-01,historical fiction,2235
2017-07-01,humor (fiction),1659
2017-07-01,psychological fiction,1457
2017-07-01,juvenile literature,1420
2017-07-01,science fiction,1369
2017-07-01,stories in rhyme,1318
2017-07-01,domestic fiction,1277
2017-07-01,adventure stories,1072
2017-07-01,adventure and adventurers fiction,1070
2017-07-01,young adult literature,1012
2017-07-01,short stories,938
2017-07-01,young adult fiction,859
2017-07-01,love stories,859
2017-07-01,humorous fiction,857
2017-07-01,classic literature,756
2017-07-01,picture books,622
2017-07-01,short stories,609
2017-07-01,horror,543
2017-07-01,erotic literature,507
2017-07-01,fantasy comics,432
2017-07-01,science fiction & fantasy,267
2017-07-01,western,237
2017-07-01,paranormal fiction,220
2017-07-01,christian fiction,155
2017-07-01,christian fiction,131
2017-06-01,literature,11180
2017-06-01,romance,9609
2017-06-01,mystery,9409
2017-06-01,graphic novels,9390
2017-06-01,thriller,9182
2017-06-01,fantasy,8440
2017-06-01,historical fiction,6626
2017-06-01,suspense,6417
2017-06-01,juvenile fiction,5539
2017-06-01,cartoons and comics,5074
2017-06-01,humorous stories,4271
2017-06-01,young adult fiction,3577
2017-06-01,science fiction,3520
2017-06-01,humor (fiction),2975
2017-06-01,historical fiction,2859
2017-06-01,juvenile literature,2329
2017-06-01,science fiction,2327
2017-06-01,psychological fiction,2203
2017-06-01,domestic fiction,2059
2017-06-01,stories in rhyme,2039
2017-06-01,young adult fiction,1499
2017-06-01,humorous fiction,1493
2017-06-01,young adult literature,1463
2017-06-01,short stories,1382
2017-06-01,classic literature,1311
2017-06-01,love stories,1308
2017-06-01,adventure stories,1282
2017-06-01,adventure and adventurers fiction,1179
2017-06-01,short stories,1047
2017-06-01,picture books,868
2017-06-01,horror,741
2017-06-01,erotic literature,738
2017-06-01,science fiction & fantasy,366
2017-06-01,fantasy comics,354
2017-06-01,paranormal fiction,346
2017-06-01,christian fiction,238
2017-06-01,western,235
2017-06-01,christian fiction,212
2017-05-01,literature,11812
2017-05-01,romance,10000
2017-05-01,mystery,9016
2017-05-01,fantasy,8510
2017-05-01,thriller,8492
2017-05-01,graphic novels,8392
2017-05-01,historical fiction,7501
2017-05-01,suspense,5656
2017-05-01,juvenile fiction,4532
2017-05-01,cartoons and comics,4532
2017-05-01,humorous stories,4082
2017-05-01,science fiction,4072
2017-05-01,historical fiction,3831
2017-05-01,young adult fiction,3688
2017-05-01,humor (fiction),2929
2017-05-01,domestic fiction,2249
2017-05-01,stories in rhyme,1967
2017-05-01,science fiction,1909
2017-05-01,psychological fiction,1684
2017-05-01,juvenile literature,1612
2017-05-01,classic literature,1420
2017-05-01,love stories,1316
2017-05-01,young adult literature,1283
2017-05-01,adventure stories,1281
2017-05-01,short stories,1268
2017-05-01,adventure and adventurers fiction,1230
2017-05-01,humorous fiction,1228
2017-05-01,young adult fiction,1115
2017-05-01,short stories,904
2017-05-01,horror,782
2017-05-01,erotic literature,769
2017-05-01,picture books,596
2017-05-01,fantasy comics,396
2017-05-01,western,370
2017-05-01,science fiction & fantasy,314
2017-05-01,christian fiction,255
2017-05-01,paranormal fiction,251
2017-05-01,christian fiction,242
2017-04-01,literature,22369
2017-04-01,romance,19788
2017-04-01,mystery,18420
2017-04-01,graphic novels,17647
2017-04-01,thriller,17234
2017-04-01,fantasy,16762
2017-04-01,historical fiction,14546
2017-04-01,suspense,11184
2017-04-01,juvenile fiction,9911
2017-04-01,cartoons and comics,9652
2017-04-01,humorous stories,8590
2017-04-01,young adult fiction,7338
2017-04-01,science fiction,7181
2017-04-01,historical fiction,6744
2017-04-01,humor (fiction),5016
2017-04-01,stories in rhyme,4263
2017-04-01,domestic fiction,4181
2017-04-01,science fiction,3873
2017-04-01,juvenile literature,3799
2017-04-01,psychological fiction,3309
2017-04-01,love stories,3000
2017-04-01,adventure stories,2816
2017-04-01,young adult literature,2652
2017-04-01,classic literature,2544
2017-04-01,adventure and adventurers fiction,2440
2017-04-01,humorous fiction,2427
2017-04-01,short stories,2416
2017-04-01,young adult fiction,2211
2017-04-01,short stories,1676
2017-04-01,erotic literature,1624
2017-04-01,horror,1407
2017-04-01,picture books,1078
2017-04-01,fantasy comics,879
2017-04-01,science fiction & fantasy,759
2017-04-01,western,748
2017-04-01,paranormal fiction,610
2017-04-01,christian fiction,508
2017-04-01,christian fiction,429
2017-03-01,literature,19878
2017-03-01,romance,16147
2017-03-01,mystery,14996
2017-03-01,thriller,14526
2017-03-01,fantasy,13984
2017-03-01,graphic novels,13408
2017-03-01,historical fiction,11399
2017-03-01,suspense,10170
2017-03-01,juvenile fiction,7660
2017-03-01,cartoons and comics,7368
2017-03-01,humorous stories,6578
2017-03-01,science fiction,6073
2017-03-01,young adult fiction,5817
2017-03-01,historical fiction,5559
2017-03-01,humor (fiction),4125
2017-03-01,stories in rhyme,3873
2017-03-01,domestic fiction,3318
2017-03-01,juvenile literature,3118
2017-03-01,science fiction,3057
2017-03-01,psychological fiction,2688
2017-03-01,love stories,2400
2017-03-01,humorous fiction,2388
2017-03-01,short stories,2158
2017-03-01,young adult literature,2109
2017-03-01,adventure stories,2076
2017-03-01,classic literature,2074
2017-03-01,adventure and adventurers fiction,1931
2017-03-01,young adult fiction,1762
2017-03-01,short stories,1678
2017-03-01,erotic literature,1413
2017-03-01,horror,1210
2017-03-01,science fiction & fantasy,651
2017-03-01,western,603
2017-03-01,picture books,598
2017-03-01,fantasy comics,578
2017-03-01,paranormal fiction,482
2017-03-01,christian fiction,441
2017-03-01,christian fiction,359
2017-02-01,literature,16716
2017-02-01,romance,14759
2017-02-01,mystery,13585
2017-02-01,thriller,13144
2017-02-01,graphic novels,12181
2017-02-01,fantasy,11729
2017-02-01,historical fiction,10775
2017-02-01,suspense,8934
2017-02-01,juvenile fiction,7287
2017-02-01,cartoons and comics,6452
2017-02-01,young adult fiction,5667
2017-02-01,humorous stories,5641
2017-02-01,science fiction,5591
2017-02-01,historical fiction,4498
2017-02-01,humor (fiction),4016
2017-02-01,domestic fiction,3543
2017-02-01,stories in rhyme,3026
2017-02-01,science fiction,2689
2017-02-01,juvenile literature,2589
2017-02-01,psychological fiction,2486
2017-02-01,love stories,2242
2017-02-01,young adult literature,1971
2017-02-01,humorous fiction,1958
2017-02-01,short stories,1845
2017-02-01,adventure stories,1838
2017-02-01,classic literature,1814
2017-02-01,short stories,1662
2017-02-01,adventure and adventurers fiction,1651
2017-02-01,young adult fiction,1543
2017-02-01,erotic literature,1498
2017-02-01,horror,1098
2017-02-01,picture books,630
2017-02-01,western,523
2017-02-01,science fiction & fantasy,505
2017-02-01,fantasy comics,497
2017-02-01,christian fiction,405
2017-02-01,paranormal fiction,398
2017-02-01,christian fiction,309
2017-01-01,literature,27247
2017-01-01,romance,25326
2017-01-01,mystery,22933
2017-01-01,thriller,22539
2017-01-01,graphic novels,21563
2017-01-01,fantasy,20972
2017-01-01,historical fiction,18199
2017-01-01,suspense,14919
2017-01-01,juvenile fiction,12398
2017-01-01,cartoons and comics,11398
2017-01-01,young adult fiction,10351
2017-01-01,humorous stories,10210
2017-01-01,science fiction,9608
2017-01-01,historical fiction,8249
2017-01-01,humor (fiction),6437
2017-01-01,stories in rhyme,5321
2017-01-01,domestic fiction,5135
2017-01-01,science fiction,4716
2017-01-01,juvenile literature,4696
2017-01-01,psychological fiction,4155
2017-01-01,love stories,4053
2017-01-01,young adult literature,3638
2017-01-01,humorous fiction,3523
2017-01-01,short stories,3175
2017-01-01,classic literature,3148
2017-01-01,adventure stories,3114
2017-01-01,young adult fiction,2716
2017-01-01,adventure and adventurers fiction,2709
2017-01-01,short stories,2499
2017-01-01,erotic literature,2051
2017-01-01,horror,2035
2017-01-01,fantasy comics,933
2017-01-01,science fiction & fantasy,858
2017-01-01,western,839
2017-01-01,paranormal fiction,758
2017-01-01,picture books,675
2017-01-01,christian fiction,563
2017-01-01,christian fiction,518
2016-12-01,literature,27058
2016-12-01,romance,25874
2016-12-01,mystery,22747
2016-12-01,thriller,22099
2016-12-01,graphic novels,21770
2016-12-01,fantasy,20675
2016-12-01,historical fiction,17561
2016-12-01,suspense,14886
2016-12-01,juvenile fiction,12518
2016-12-01,cartoons and comics,11972
2016-12-01,young adult fiction,10222
2016-12-01,science fiction,9569
2016-12-01,humorous stories,9294
2016-12-01,historical fiction,8368
2016-12-01,humor (fiction),6511
2016-12-01,domestic fiction,5334
2016-12-01,science fiction,4906
2016-12-01,juvenile literature,4472
2016-12-01,love stories,4467
2016-12-01,stories in rhyme,4414
2016-12-01,psychological fiction,3997
2016-12-01,young adult literature,3545
2016-12-01,humorous fiction,3286
2016-12-01,short stories,3209
2016-12-01,adventure stories,3154
2016-12-01,classic literature,3092
2016-12-01,short stories,3074
2016-12-01,young adult fiction,2984
2016-12-01,adventure and adventurers fiction,2517
2016-12-01,horror,2241
2016-12-01,erotic literature,2069
2016-12-01,science fiction & fantasy,871
2016-12-01,fantasy comics,863
2016-12-01,paranormal fiction,847
2016-12-01,western,830
2016-12-01,christian fiction,589
2016-12-01,picture books,538
2016-12-01,christian fiction,482
2016-11-01,literature,26842
2016-11-01,romance,23053
2016-11-01,graphic novels,22493
2016-11-01,mystery,20388
2016-11-01,thriller,19412
2016-11-01,fantasy,19308
2016-11-01,historical fiction,16069
2016-11-01,suspense,13200
2016-11-01,cartoons and comics,11959
2016-11-01,juvenile fiction,11200
2016-11-01,humorous stories,10938
2016-11-01,young adult fiction,9767
2016-11-01,science fiction,8393
2016-11-01,historical fiction,8065
2016-11-01,humor (fiction),5539
2016-11-01,stories in rhyme,5469
2016-11-01,domestic fiction,5368
2016-11-01,science fiction,4599
2016-11-01,love stories,4428
2016-11-01,psychological fiction,4108
2016-11-01,juvenile literature,3973
2016-11-01,adventure stories,3326
2016-11-01,young adult literature,3312
2016-11-01,humorous fiction,3199
2016-11-01,short stories,2854
2016-11-01,short stories,2753
2016-11-01,classic literature,2686
2016-11-01,young adult fiction,2618
2016-11-01,adventure and adventurers fiction,2608
2016-11-01,horror,1968
2016-11-01,erotic literature,1747
2016-11-01,fantasy comics,949
2016-11-01,science fiction & fantasy,776
2016-11-01,paranormal fiction,748
2016-11-01,western,728
2016-11-01,christian fiction,574
2016-11-01,picture books,556
2016-11-01,christian fiction,503
2016-10-01,literature,23542
2016-10-01,graphic novels,19592
2016-10-01,romance,19137
2016-10-01,mystery,17067
2016-10-01,fantasy,16308
2016-10-01,thriller,16230
2016-10-01,historical fiction,14096
2016-10-01,cartoons and comics,10944
2016-10-01,suspense,10836
2016-10-01,humorous stories,9600
2016-10-01,juvenile fiction,9107
2016-10-01,young adult fiction,8003
2016-10-01,science fiction,6919
2016-10-01,historical fiction,6824
2016-10-01,humor (fiction),4748
2016-10-01,domestic fiction,4614
2016-10-01,stories in rhyme,4560
2016-10-01,science fiction,4347
2016-10-01,love stories,3995
2016-10-01,psychological fiction,3744
2016-10-01,juvenile literature,3308
2016-10-01,adventure stories,3044
2016-10-01,young adult literature,2624
2016-10-01,short stories,2613
2016-10-01,young adult fiction,2564
2016-10-01,short stories,2480
2016-10-01,adventure and adventurers fiction,2414
2016-10-01,humorous fiction,2354
2016-10-01,classic literature,2339
2016-10-01,horror,1974
2016-10-01,erotic literature,1554
2016-10-01,fantasy comics,787
2016-10-01,paranormal fiction,710
2016-10-01,science fiction & fantasy,633
2016-10-01,western,613
2016-10-01,christian fiction,490
2016-10-01,christian fiction,395
2016-10-01,picture books,340
2016-09-01,literature,23974
2016-09-01,romance,19806
2016-09-01,mystery,17437
2016-09-01,graphic novels,17246
2016-09-01,thriller,16048
2016-09-01,fantasy,15902
2016-09-01,historical fiction,13487
2016-09-01,suspense,11040
2016-09-01,humorous stories,8529
2016-09-01,cartoons and comics,8517
2016-09-01,juvenile fiction,8442
2016-09-01,young adult fiction,8073
2016-09-01,science fiction,6914
2016-09-01,historical fiction,6778
2016-09-01,humor (fiction),4750
2016-09-01,love stories,4396
2016-09-01,science fiction,3965
2016-09-01,stories in rhyme,3815
2016-09-01,domestic fiction,3805
2016-09-01,psychological fiction,3272
2016-09-01,juvenile literature,2895
2016-09-01,adventure stories,2686
2016-09-01,young adult literature,2645
2016-09-01,classic literature,2334
2016-09-01,short stories,2280
2016-09-01,short stories,2270
2016-09-01,young adult fiction,2267
2016-09-01,humorous fiction,2147
2016-09-01,adventure and adventurers fiction,2051
2016-09-01,erotic literature,1708
2016-09-01,horror,1668
2016-09-01,western,620
2016-09-01,science fiction & fantasy,620
2016-09-01,paranormal fiction,567
2016-09-01,fantasy comics,551
2016-09-01,christian fiction,506
2016-09-01,christian fiction,430
2016-08-01,literature,7884
2016-08-01,graphic novels,7353
2016-08-01,romance,6663
2016-08-01,mystery,6150
2016-08-01,fantasy,5497
2016-08-01,thriller,5169
2016-08-01,historical fiction,4415
2016-08-01,cartoons and comics,3689
2016-08-01,suspense,3440
2016-08-01,juvenile fiction,3045
2016-08-01,young adult fiction,2760
2016-08-01,humorous stories,2591
2016-08-01,science fiction,2457
2016-08-01,historical fiction,2144
2016-08-01,love stories,1641
2016-08-01,humor (fiction),1413
2016-08-01,science fiction,1352
2016-08-01,short stories,1229
2016-08-01,domestic fiction,1212
2016-08-01,adventure stories,1101
2016-08-01,juvenile literature,989
2016-08-01,stories in rhyme,954
2016-08-01,psychological fiction,860
2016-08-01,young adult literature,775
2016-08-01,young adult fiction,769
2016-08-01,adventure and adventurers fiction,714
2016-08-01,classic literature,681
2016-08-01,short stories,670
2016-08-01,erotic literature,632
2016-08-01,humorous fiction,629
2016-08-01,horror,592
2016-08-01,fantasy comics,282
2016-08-01,western,214
2016-08-01,paranormal fiction,206
2016-08-01,christian fiction,160
2016-08-01,science fiction & fantasy,135
2016-08-01,christian fiction,108
2016-07-01,literature,15488
2016-07-01,graphic novels,15010
2016-07-01,romance,13948
2016-07-01,fantasy,11667
2016-07-01,mystery,11312
2016-07-01,thriller,10756
2016-07-01,historical fiction,9913
2016-07-01,cartoons and comics,7901
2016-07-01,suspense,7235
2016-07-01,juvenile fiction,6595
2016-07-01,young adult fiction,6316
2016-07-01,humorous stories,5694
2016-07-01,science fiction,5364
2016-07-01,historical fiction,4742
2016-07-01,love stories,3603
2016-07-01,science fiction,3407
2016-07-01,humor (fiction),3306
2016-07-01,domestic fiction,2873
2016-07-01,stories in rhyme,2339
2016-07-01,psychological fiction,2314
2016-07-01,adventure stories,2226
2016-07-01,juvenile literature,2200
2016-07-01,young adult fiction,2155
2016-07-01,short stories,2116
2016-07-01,young adult literature,2110
2016-07-01,humorous fiction,1642
2016-07-01,adventure and adventurers fiction,1573
2016-07-01,classic literature,1558
2016-07-01,short stories,1549
2016-07-01,erotic literature,1127
2016-07-01,horror,1051
2016-07-01,fantasy comics,494
2016-07-01,paranormal fiction,492
2016-07-01,western,459
2016-07-01,science fiction & fantasy,390
2016-07-01,christian fiction,388
2016-07-01,christian fiction,318
2016-06-01,literature,7413
2016-06-01,graphic novels,6752
2016-06-01,romance,6642
2016-06-01,fantasy,5636
2016-06-01,mystery,5043
2016-06-01,thriller,4692
2016-06-01,historical fiction,4311
2016-06-01,cartoons and comics,3469
2016-06-01,suspense,3252
2016-06-01,juvenile fiction,2964
2016-06-01,humorous stories,2920
2016-06-01,young adult fiction,2804
2016-06-01,science fiction,2579
2016-06-01,historical fiction,2244
2016-06-01,love stories,1636
2016-06-01,science fiction,1469
2016-06-01,domestic fiction,1452
2016-06-01,humor (fiction),1392
2016-06-01,short stories,1207
2016-06-01,stories in rhyme,1060
2016-06-01,young adult fiction,1036
2016-06-01,adventure stories,966
2016-06-01,psychological fiction,958
2016-06-01,juvenile literature,957
2016-06-01,young adult literature,885
2016-06-01,short stories,736
2016-06-01,humorous fiction,663
2016-06-01,classic literature,611
2016-06-01,adventure and adventurers fiction,607
2016-06-01,horror,558
2016-06-01,erotic literature,447
2016-06-01,fantasy comics,215
2016-06-01,western,185
2016-06-01,paranormal fiction,177
2016-06-01,science fiction & fantasy,161
2016-06-01,christian fiction,156
2016-06-01,christian fiction,113
2016-05-01,literature,10854
2016-05-01,romance,9956
2016-05-01,graphic novels,9485
2016-05-01,mystery,8146
2016-05-01,fantasy,7602
2016-05-01,historical fiction,6729
2016-05-01,thriller,6509
2016-05-01,suspense,4580
2016-05-01,cartoons and comics,4456
2016-05-01,juvenile fiction,4121
2016-05-01,young adult fiction,3911
2016-05-01,humorous stories,3738
2016-05-01,science fiction,3335
2016-05-01,historical fiction,3197
2016-05-01,love stories,2308
2016-05-01,science fiction,2073
2016-05-01,humor (fiction),2069
2016-05-01,domestic fiction,1530
2016-05-01,psychological fiction,1525
2016-05-01,stories in rhyme,1501
2016-05-01,adventure stories,1468
2016-05-01,short stories,1461
2016-05-01,young adult literature,1315
2016-05-01,juvenile literature,1291
2016-05-01,short stories,1225
2016-05-01,young adult fiction,1202
2016-05-01,classic literature,1160
2016-05-01,erotic literature,932
2016-05-01,humorous fiction,814
2016-05-01,adventure and adventurers fiction,810
2016-05-01,horror,752
2016-05-01,science fiction & fantasy,304
2016-05-01,fantasy comics,303
2016-05-01,paranormal fiction,303
2016-05-01,christian fiction,269
2016-05-01,western,258
2016-05-01,christian fiction,219
2016-04-01,literature,10666
2016-04-01,graphic novels,10066
2016-04-01,romance,9881
2016-04-01,mystery,8503
2016-04-01,fantasy,8112
2016-04-01,thriller,7070
2016-04-01,historical fiction,6795
2016-04-01,suspense,5234
2016-04-01,cartoons and comics,4696
2016-04-01,juvenile fiction,4498
2016-04-01,humorous stories,4288
2016-04-01,young adult fiction,3963
2016-04-01,historical fiction,3466
2016-04-01,science fiction,3319
2016-04-01,love stories,2696
2016-04-01,science fiction,2108
2016-04-01,humor (fiction),2101
2016-04-01,domestic fiction,1750
2016-04-01,psychological fiction,1728
2016-04-01,stories in rhyme,1592
2016-04-01,short stories,1479
2016-04-01,adventure stories,1447
2016-04-01,juvenile literature,1389
2016-04-01,short stories,1220
2016-04-01,young adult literature,1209
2016-04-01,young adult fiction,1095
2016-04-01,classic literature,1067
2016-04-01,adventure and adventurers fiction,953
2016-04-01,humorous fiction,939
2016-04-01,erotic literature,913
2016-04-01,horror,746
2016-04-01,science fiction & fantasy,341
2016-04-01,western,310
2016-04-01,christian fiction,300
2016-04-01,paranormal fiction,285
2016-04-01,christian fiction,249
2016-04-01,fantasy comics,206
2016-03-01,graphic novels,3413
2016-03-01,romance,2759
2016-03-01,literature,2728
2016-03-01,mystery,2218
2016-03-01,fantasy,1994
2016-03-01,thriller,1770
2016-03-01,historical fiction,1658
2016-03-01,cartoons and comics,1505
2016-03-01,suspense,1259
2016-03-01,young adult fiction,1084
2016-03-01,humorous stories,987
2016-03-01,historical fiction,935
2016-03-01,short stories,849
2016-03-01,juvenile fiction,842
2016-03-01,science fiction,713
2016-03-01,science fiction,658
2016-03-01,love stories,532
2016-03-01,humor (fiction),498
2016-03-01,stories in rhyme,476
2016-03-01,adventure stories,466
2016-03-01,domestic fiction,456
2016-03-01,horror,396
2016-03-01,psychological fiction,381
2016-03-01,short stories,300
2016-03-01,young adult literature,248
2016-03-01,humorous fiction,242
2016-03-01,young adult fiction,240
2016-03-01,juvenile literature,233
2016-03-01,adventure and adventurers fiction,219
2016-03-01,classic literature,219
2016-03-01,erotic literature,190
2016-03-01,christian fiction,106
2016-03-01,paranormal fiction,106
2016-02-01,literature,6119
2016-02-01,romance,5729
2016-02-01,graphic novels,5332
2016-02-01,mystery,4688
2016-02-01,fantasy,4340
2016-02-01,historical fiction,3683
2016-02-01,thriller,3669
2016-02-01,suspense,2645
2016-02-01,cartoons and comics,2432
2016-02-01,juvenile fiction,2280
2016-02-01,young adult fiction,2129
2016-02-01,humorous stories,2003
2016-02-01,science fiction,1808
2016-02-01,historical fiction,1738
2016-02-01,love stories,1430
2016-02-01,science fiction,1258
2016-02-01,humor (fiction),1196
2016-02-01,short stories,1006
2016-02-01,domestic fiction,941
2016-02-01,stories in rhyme,912
2016-02-01,adventure stories,815
2016-02-01,psychological fiction,691
2016-02-01,young adult fiction,683
2016-02-01,juvenile literature,679
2016-02-01,young adult literature,611
2016-02-01,short stories,598
2016-02-01,humorous fiction,589
2016-02-01,classic literature,570
2016-02-01,erotic literature,511
2016-02-01,adventure and adventurers fiction,495
2016-02-01,horror,394
2016-02-01,western,152
2016-02-01,christian fiction,144
2016-02-01,christian fiction,139
2016-02-01,fantasy comics,112
2016-02-01,science fiction & fantasy,112
2016-02-01,paranormal fiction,112
2016-01-01,romance,10507
2016-01-01,graphic novels,10196
2016-01-01,literature,10122
2016-01-01,mystery,8627
2016-01-01,fantasy,7293
2016-01-01,historical fiction,6907
2016-01-01,thriller,6407
2016-01-01,cartoons and comics,5054
2016-01-01,humorous stories,4850
2016-01-01,suspense,4740
2016-01-01,juvenile fiction,4344
2016-01-01,young adult fiction,3984
2016-01-01,science fiction,3626
2016-01-01,historical fiction,3394
2016-01-01,love stories,2567
2016-01-01,science fiction,2533
2016-01-01,humor (fiction),2183
2016-01-01,adventure stories,1756
2016-01-01,stories in rhyme,1701
2016-01-01,domestic fiction,1687
2016-01-01,short stories,1548
2016-01-01,psychological fiction,1390
2016-01-01,young adult fiction,1364
2016-01-01,juvenile literature,1310
2016-01-01,short stories,1228
2016-01-01,classic literature,1193
2016-01-01,humorous fiction,1189
2016-01-01,erotic literature,1183
2016-01-01,young adult literature,1077
2016-01-01,adventure and adventurers fiction,983
2016-01-01,horror,806
2016-01-01,paranormal fiction,392
2016-01-01,science fiction & fantasy,382
2016-01-01,christian fiction,266
2016-01-01,western,257
2016-01-01,christian fiction,251
2016-01-01,fantasy comics,245
2015-12-01,romance,11567
2015-12-01,literature,10579
2015-12-01,graphic novels,9588
2015-12-01,mystery,9093
2015-12-01,fantasy,8596
2015-12-01,thriller,7453
2015-12-01,historical fiction,7332
2015-12-01,juvenile fiction,5106
2015-12-01,suspense,4998
2015-12-01,young adult fiction,4769
2015-12-01,cartoons and comics,4715
2015-12-01,science fiction,4375
2015-12-01,humorous stories,3836
2015-12-01,historical fiction,3655
2015-12-01,love stories,2863
2015-12-01,humor (fiction),2444
2015-12-01,science fiction,2425
2015-12-01,psychological fiction,2072
2015-12-01,domestic fiction,2007
2015-12-01,short stories,1761
2015-12-01,juvenile literature,1553
2015-12-01,stories in rhyme,1550
2015-12-01,adventure stories,1522
2015-12-01,short stories,1407
2015-12-01,young adult literature,1362
2015-12-01,humorous fiction,1251
2015-12-01,classic literature,1214
2015-12-01,young adult fiction,1157
2015-12-01,erotic literature,944
2015-12-01,horror,881
2015-12-01,adventure and adventurers fiction,808
2015-12-01,science fiction & fantasy,374
2015-12-01,christian fiction,336
2015-12-01,christian fiction,323
2015-12-01,paranormal fiction,322
2015-12-01,western,279
2015-12-01,fantasy comics,161
2015-11-01,romance,16362
2015-11-01,graphic novels,15812
2015-11-01,literature,15656
2015-11-01,mystery,12953
2015-11-01,fantasy,12334
2015-11-01,thriller,10715
2015-11-01,historical fiction,10675
2015-11-01,cartoons and comics,7771
2015-11-01,humorous stories,7495
2015-11-01,juvenile fiction,7144
2015-11-01,suspense,7128
2015-11-01,young adult fiction,6025
2015-11-01,historical fiction,5821
2015-11-01,science fiction,5458
2015-11-01,love stories,4330
2015-11-01,science fiction,3836
2015-11-01,humor (fiction),3486
2015-11-01,domestic fiction,3031
2015-11-01,stories in rhyme,2841
2015-11-01,psychological fiction,2552
2015-11-01,adventure stories,2508
2015-11-01,short stories,2329
2015-11-01,juvenile literature,2166
2015-11-01,short stories,2149
2015-11-01,humorous fiction,1908
2015-11-01,classic literature,1880
2015-11-01,erotic literature,1753
2015-11-01,young adult fiction,1729
2015-11-01,young adult literature,1637
2015-11-01,adventure and adventurers fiction,1261
2015-11-01,horror,1229
2015-11-01,paranormal fiction,581
2015-11-01,christian fiction,560
2015-11-01,christian fiction,465
2015-11-01,science fiction & fantasy,422
2015-11-01,western,395
2015-11-01,fantasy comics,219
2015-10-01,romance,14174
2015-10-01,graphic novels,13667
2015-10-01,literature,13232
2015-10-01,mystery,11240
2015-10-01,fantasy,10448
2015-10-01,thriller,9854
2015-10-01,historical fiction,9223
2015-10-01,suspense,6802
2015-10-01,cartoons and comics,6309
2015-10-01,humorous stories,6047
2015-10-01,juvenile fiction,5309
2015-10-01,historical fiction,5009
2015-10-01,young adult fiction,4903
2015-10-01,science fiction,4255
2015-10-01,love stories,3897
2015-10-01,science fiction,3102
2015-10-01,humor (fiction),2803
2015-10-01,domestic fiction,2640
2015-10-01,psychological fiction,2354
2015-10-01,stories in rhyme,2339
2015-10-01,adventure stories,2328
2015-10-01,short stories,2119
2015-10-01,humorous fiction,1727
2015-10-01,young adult fiction,1696
2015-10-01,classic literature,1677
2015-10-01,short stories,1633
2015-10-01,juvenile literature,1528
2015-10-01,erotic literature,1399
2015-10-01,young adult literature,1297
2015-10-01,horror,1155
2015-10-01,adventure and adventurers fiction,1151
2015-10-01,paranormal fiction,559
2015-10-01,christian fiction,505
2015-10-01,christian fiction,403
2015-10-01,science fiction & fantasy,354
2015-10-01,western,310
2015-10-01,fantasy comics,176
2015-09-01,literature,10068
2015-09-01,romance,9318
2015-09-01,graphic novels,9026
2015-09-01,mystery,7116
2015-09-01,fantasy,6347
2015-09-01,thriller,6167
2015-09-01,historical fiction,5535
2015-09-01,cartoons and comics,4632
2015-09-01,suspense,4603
2015-09-01,humorous stories,3490
2015-09-01,juvenile fiction,3383
2015-09-01,young adult fiction,2927
2015-09-01,historical fiction,2669
2015-09-01,science fiction,2544
2015-09-01,love stories,2163
2015-09-01,science fiction,1948
2015-09-01,humor (fiction),1784
2015-09-01,short stories,1608
2015-09-01,adventure stories,1605
2015-09-01,domestic fiction,1604
2015-09-01,psychological fiction,1399
2015-09-01,stories in rhyme,1147
2015-09-01,short stories,1082
2015-09-01,juvenile literature,1020
2015-09-01,humorous fiction,945
2015-09-01,young adult fiction,910
2015-09-01,classic literature,870
2015-09-01,erotic literature,804
2015-09-01,young adult literature,776
2015-09-01,adventure and adventurers fiction,752
2015-09-01,horror,661
2015-09-01,paranormal fiction,390
2015-09-01,christian fiction,289
2015-09-01,christian fiction,257
2015-09-01,science fiction & fantasy,232
2015-09-01,western,209
2015-08-01,graphic novels,11166
2015-08-01,literature,11020
2015-08-01,romance,10831
2015-08-01,mystery,8671
2015-08-01,fantasy,8266
2015-08-01,thriller,7120
2015-08-01,historical fiction,7059
2015-08-01,cartoons and comics,5663
2015-08-01,suspense,4914
2015-08-01,humorous stories,4369
2015-08-01,juvenile fiction,4256
2015-08-01,young adult fiction,3831
2015-08-01,science fiction,3775
2015-08-01,historical fiction,3638
2015-08-01,love stories,2857
2015-08-01,science fiction,2652
2015-08-01,humor (fiction),2336
2015-08-01,adventure stories,2086
2015-08-01,domestic fiction,2069
2015-08-01,short stories,2007
2015-08-01,psychological fiction,1694
2015-08-01,short stories,1360
2015-08-01,humorous fiction,1338
2015-08-01,stories in rhyme,1338
2015-08-01,young adult fiction,1284
2015-08-01,classic literature,1268
2015-08-01,juvenile literature,1239
2015-08-01,erotic literature,1009
2015-08-01,young adult literature,925
2015-08-01,horror,884
2015-08-01,adventure and adventurers fiction,783
2015-08-01,paranormal fiction,438
2015-08-01,christian fiction,326
2015-08-01,western,287
2015-08-01,science fiction & fantasy,272
2015-08-01,christian fiction,270
2015-07-01,graphic novels,14219
2015-07-01,romance,12992
2015-07-01,literature,12012
2015-07-01,mystery,10325
2015-07-01,fantasy,9428
2015-07-01,thriller,8520
2015-07-01,historical fiction,7668
2015-07-01,cartoons and comics,6738
2015-07-01,suspense,6231
2015-07-01,humorous stories,5514
2015-07-01,juvenile fiction,5253
2015-07-01,young adult fiction,4848
2015-07-01,historical fiction,4567
2015-07-01,science fiction,3957
2015-07-01,love stories,3714
2015-07-01,science fiction,2943
2015-07-01,domestic fiction,2699
2015-07-01,humor (fiction),2577
2015-07-01,adventure stories,2402
2015-07-01,psychological fiction,2338
2015-07-01,short stories,2191
2015-07-01,humorous fiction,1729
2015-07-01,stories in rhyme,1691
2015-07-01,young adult fiction,1622
2015-07-01,short stories,1615
2015-07-01,erotic literature,1556
2015-07-01,young adult literature,1466
2015-07-01,juvenile literature,1459
2015-07-01,classic literature,1350
2015-07-01,adventure and adventurers fiction,967
2015-07-01,horror,906
2015-07-01,paranormal fiction,563
2015-07-01,christian fiction,416
2015-07-01,christian fiction,394
2015-07-01,science fiction & fantasy,330
2015-07-01,western,320
2015-06-01,romance,20297
2015-06-01,graphic novels,19849
2015-06-01,literature,19062
2015-06-01,mystery,16600
2015-06-01,fantasy,15563
2015-06-01,thriller,13674
2015-06-01,historical fiction,13508
2015-06-01,suspense,9719
2015-06-01,cartoons and comics,9416
2015-06-01,juvenile fiction,8516
2015-06-01,young adult fiction,8332
2015-06-01,humorous stories,8028
2015-06-01,historical fiction,6990
2015-06-01,science fiction,6978
2015-06-01,love stories,4922
2015-06-01,humor (fiction),4312
2015-06-01,science fiction,3978
2015-06-01,domestic fiction,3714
2015-06-01,psychological fiction,3347
2015-06-01,adventure stories,3281
2015-06-01,short stories,2605
2015-06-01,short stories,2571
2015-06-01,juvenile literature,2359
2015-06-01,young adult fiction,2330
2015-06-01,stories in rhyme,2231
2015-06-01,young adult literature,2215
2015-06-01,humorous fiction,2213
2015-06-01,classic literature,2149
2015-06-01,erotic literature,2069
2015-06-01,horror,1458
2015-06-01,adventure and adventurers fiction,1334
2015-06-01,paranormal fiction,814
2015-06-01,christian fiction,672
2015-06-01,christian fiction,643
2015-06-01,science fiction & fantasy,566
2015-06-01,western,527
2015-05-01,romance,21673
2015-05-01,graphic novels,20452
2015-05-01,literature,19805
2015-05-01,mystery,17295
2015-05-01,fantasy,15851
2015-05-01,thriller,14102
2015-05-01,historical fiction,13622
2015-05-01,suspense,10236
2015-05-01,cartoons and comics,9714
2015-05-01,humorous stories,8285
2015-05-01,young adult fiction,8052
2015-05-01,historical fiction,7994
2015-05-01,juvenile fiction,7651
2015-05-01,science fiction,6612
2015-05-01,love stories,5505
2015-05-01,science fiction,4553
2015-05-01,domestic fiction,4164
2015-05-01,humor (fiction),4069
2015-05-01,psychological fiction,3388
2015-05-01,adventure stories,3216
2015-05-01,short stories,2778
2015-05-01,stories in rhyme,2568
2015-05-01,short stories,2531
2015-05-01,humorous fiction,2429
2015-05-01,erotic literature,2323
2015-05-01,young adult literature,2161
2015-05-01,classic literature,2093
2015-05-01,juvenile literature,2050
2015-05-01,young adult fiction,1971
2015-05-01,horror,1424
2015-05-01,adventure and adventurers fiction,1271
2015-05-01,christian fiction,795
2015-05-01,paranormal fiction,760
2015-05-01,christian fiction,631
2015-05-01,science fiction & fantasy,608
2015-05-01,western,492
2015-04-01,graphic novels,14205
2015-04-01,romance,13572
2015-04-01,literature,13077
2015-04-01,mystery,10614
2015-04-01,fantasy,10338
2015-04-01,historical fiction,9137
2015-04-01,thriller,9016
2015-04-01,cartoons and comics,6755
2015-04-01,suspense,6275
2015-04-01,humorous stories,5580
2015-04-01,young adult fiction,5483
2015-04-01,juvenile fiction,5379
2015-04-01,historical fiction,5100
2015-04-01,science fiction,4404
2015-04-01,love stories,4127
2015-04-01,humor (fiction),3010
2015-04-01,science fiction,2835
2015-04-01,domestic fiction,2582
2015-04-01,psychological fiction,2309
2015-04-01,adventure stories,2250
2015-04-01,short stories,2222
2015-04-01,stories in rhyme,1996
2015-04-01,humorous fiction,1754
2015-04-01,short stories,1681
2015-04-01,young adult literature,1555
2015-04-01,juvenile literature,1531
2015-04-01,young adult fiction,1466
2015-04-01,erotic literature,1402
2015-04-01,classic literature,1343
2015-04-01,horror,1052
2015-04-01,adventure and adventurers fiction,788
2015-04-01,paranormal fiction,585
2015-04-01,christian fiction,458
2015-04-01,christian fiction,415
2015-04-01,science fiction & fantasy,333
2015-04-01,western,285
2015-03-01,graphic novels,11985
2015-03-01,romance,11331
2015-03-01,literature,10098
2015-03-01,mystery,9126
2015-03-01,fantasy,7970
2015-03-01,thriller,7193
2015-03-01,historical fiction,6942
2015-03-01,cartoons and comics,5686
2015-03-01,suspense,4859
2015-03-01,young adult fiction,4637
2015-03-01,humorous stories,4495
2015-03-01,historical fiction,4012
2015-03-01,juvenile fiction,3706
2015-03-01,science fiction,3413
2015-03-01,love stories,2955
2015-03-01,science fiction,2305
2015-03-01,humor (fiction),2271
2015-03-01,domestic fiction,2190
2015-03-01,short stories,2083
2015-03-01,psychological fiction,2045
2015-03-01,adventure stories,2012
2015-03-01,stories in rhyme,1549
2015-03-01,short stories,1469
2015-03-01,young adult literature,1291
2015-03-01,humorous fiction,1281
2015-03-01,erotic literature,1279
2015-03-01,juvenile literature,1099
2015-03-01,young adult fiction,1049
2015-03-01,classic literature,1048
2015-03-01,horror,773
2015-03-01,adventure and adventurers fiction,668
2015-03-01,paranormal fiction,438
2015-03-01,christian fiction,437
2015-03-01,christian fiction,381
2015-03-01,science fiction & fantasy,297
2015-03-01,western,258
2015-02-01,romance,11773
2015-02-01,graphic novels,11372
2015-02-01,literature,9809
2015-02-01,mystery,8867
2015-02-01,fantasy,8600
2015-02-01,thriller,7176
2015-02-01,historical fiction,6714
2015-02-01,cartoons and comics,5290
2015-02-01,suspense,4866
2015-02-01,humorous stories,4477
2015-02-01,young adult fiction,4459
2015-02-01,historical fiction,4317
2015-02-01,juvenile fiction,4186
2015-02-01,science fiction,3512
2015-02-01,love stories,3071
2015-02-01,science fiction,2623
2015-02-01,humor (fiction),2371
2015-02-01,domestic fiction,2177
2015-02-01,adventure stories,1976
2015-02-01,short stories,1781
2015-02-01,psychological fiction,1751
2015-02-01,stories in rhyme,1582
2015-02-01,humorous fiction,1503
2015-02-01,erotic literature,1452
2015-02-01,short stories,1401
2015-02-01,young adult literature,1321
2015-02-01,young adult fiction,1198
2015-02-01,classic literature,1154
2015-02-01,juvenile literature,1113
2015-02-01,horror,804
2015-02-01,adventure and adventurers fiction,572
2015-02-01,paranormal fiction,542
2015-02-01,christian fiction,493
2015-02-01,christian fiction,358
2015-02-01,science fiction & fantasy,347
2015-02-01,western,282
2015-01-01,romance,14067
2015-01-01,graphic novels,13465
2015-01-01,literature,11769
2015-01-01,mystery,10949
2015-01-01,fantasy,9350
2015-01-01,thriller,8591
2015-01-01,historical fiction,8386
2015-01-01,suspense,5947
2015-01-01,cartoons and comics,5928
2015-01-01,young adult fiction,5268
2015-01-01,humorous stories,5217
2015-01-01,historical fiction,5174
2015-01-01,juvenile fiction,4834
2015-01-01,science fiction,4125
2015-01-01,love stories,4110
2015-01-01,domestic fiction,3251
2015-01-01,science fiction,2709
2015-01-01,humor (fiction),2603
2015-01-01,short stories,2266
2015-01-01,adventure stories,2263
2015-01-01,psychological fiction,2229
2015-01-01,short stories,1753
2015-01-01,humorous fiction,1719
2015-01-01,erotic literature,1513
2015-01-01,stories in rhyme,1428
2015-01-01,classic literature,1415
2015-01-01,young adult literature,1353
2015-01-01,young adult fiction,1306
2015-01-01,juvenile literature,1283
2015-01-01,horror,944
2015-01-01,christian fiction,597
2015-01-01,paranormal fiction,585
2015-01-01,adventure and adventurers fiction,577
2015-01-01,christian fiction,433
2015-01-01,western,336
2015-01-01,science fiction & fantasy,283
